Instance,Global Circuit layer,Local Circuit Layer,Number of Teleported Qubits,Total Number of Teleported Qubits,Number of Teleported Qubit Swaps,Total Number of Teleported Qubits Minus Swaps,q_0,q_1,q_2,q_3,q_4,q_5,q_6,q_7,q_8,q_9,q_10,q_11,q_12,q_13,q_14,q_15,q_16,q_17,q_18,q_19
0,0,0,0,0,0,0,M_0,M_0,M_0,M_0,M_0,M_1,M_1,M_1,M_1,M_1,M_2,M_2,M_2,M_2,M_2,M_3,M_3,M_3,M_3,M_3
0,1,1,0,0,0,0,M_0,M_0,M_0,M_0,M_0,M_1,M_1,M_1,M_1,M_1,M_2,M_2,M_2,M_2,M_2,M_3,M_3,M_3,M_3,M_3
0,2,2,2,2,1,1,M_0,M_1,M_0,M_0,M_0,M_0,M_1,M_1,M_1,M_1,M_2,M_2,M_2,M_2,M_2,M_3,M_3,M_3,M_3,M_3
0,3,3,0,2,0,1,M_0,M_1,M_0,M_0,M_0,M_0,M_1,M_1,M_1,M_1,M_2,M_2,M_2,M_2,M_2,M_3,M_3,M_3,M_3,M_3
0,4,4,0,2,0,1,M_0,M_1,M_0,M_0,M_0,M_0,M_1,M_1,M_1,M_1,M_2,M_2,M_2,M_2,M_2,M_3,M_3,M_3,M_3,M_3
0,5,5,0,2,0,1,M_0,M_1,M_0,M_0,M_0,M_0,M_1,M_1,M_1,M_1,M_2,M_2,M_2,M_2,M_2,M_3,M_3,M_3,M_3,M_3
1,5,0,0,2,0,1,M_0,M_1,M_0,M_0,M_0,M_0,M_1,M_1,M_1,M_1,M_2,M_2,M_2,M_2,M_2,M_3,M_3,M_3,M_3,M_3
1,6,1,2,4,1,2,M_1,M_0,M_0,M_0,M_0,M_0,M_1,M_1,M_1,M_1,M_2,M_2,M_2,M_2,M_2,M_3,M_3,M_3,M_3,M_3
1,7,2,0,4,0,2,M_1,M_0,M_0,M_0,M_0,M_0,M_1,M_1,M_1,M_1,M_2,M_2,M_2,M_2,M_2,M_3,M_3,M_3,M_3,M_3
1,8,3,0,4,0,2,M_1,M_0,M_0,M_0,M_0,M_0,M_1,M_1,M_1,M_1,M_2,M_2,M_2,M_2,M_2,M_3,M_3,M_3,M_3,M_3
1,9,4,2,6,1,3,M_1,M_0,M_0,M_0,M_0,M_0,M_1,M_2,M_1,M_1,M_1,M_2,M_2,M_2,M_2,M_3,M_3,M_3,M_3,M_3
1,10,5,0,6,0,3,M_1,M_0,M_0,M_0,M_0,M_0,M_1,M_2,M_1,M_1,M_1,M_2,M_2,M_2,M_2,M_3,M_3,M_3,M_3,M_3
2,10,0,0,6,0,3,M_1,M_0,M_0,M_0,M_0,M_0,M_1,M_2,M_1,M_1,M_1,M_2,M_2,M_2,M_2,M_3,M_3,M_3,M_3,M_3
2,11,1,2,8,1,4,M_2,M_0,M_0,M_0,M_0,M_0,M_1,M_1,M_1,M_1,M_1,M_2,M_2,M_2,M_2,M_3,M_3,M_3,M_3,M_3
2,12,2,0,8,0,4,M_2,M_0,M_0,M_0,M_0,M_0,M_1,M_1,M_1,M_1,M_1,M_2,M_2,M_2,M_2,M_3,M_3,M_3,M_3,M_3
2,13,3,2,10,1,5,M_2,M_0,M_0,M_0,M_0,M_0,M_1,M_1,M_1,M_1,M_1,M_2,M_3,M_2,M_2,M_2,M_3,M_3,M_3,M_3
2,14,4,0,10,0,5,M_2,M_0,M_0,M_0,M_0,M_0,M_1,M_1,M_1,M_1,M_1,M_2,M_3,M_2,M_2,M_2,M_3,M_3,M_3,M_3
2,15,5,0,10,0,5,M_2,M_0,M_0,M_0,M_0,M_0,M_1,M_1,M_1,M_1,M_1,M_2,M_3,M_2,M_2,M_2,M_3,M_3,M_3,M_3
3,15,0,0,10,0,5,M_2,M_0,M_0,M_0,M_0,M_0,M_1,M_1,M_1,M_1,M_1,M_2,M_3,M_2,M_2,M_2,M_3,M_3,M_3,M_3
3,16,1,2,12,1,6,M_3,M_0,M_0,M_0,M_0,M_0,M_1,M_1,M_1,M_1,M_1,M_2,M_2,M_2,M_2,M_2,M_3,M_3,M_3,M_3
3,17,2,0,12,0,6,M_3,M_0,M_0,M_0,M_0,M_0,M_1,M_1,M_1,M_1,M_1,M_2,M_2,M_2,M_2,M_2,M_3,M_3,M_3,M_3
3,18,3,0,12,0,6,M_3,M_0,M_0,M_0,M_0,M_0,M_1,M_1,M_1,M_1,M_1,M_2,M_2,M_2,M_2,M_2,M_3,M_3,M_3,M_3
3,19,4,0,12,0,6,M_3,M_0,M_0,M_0,M_0,M_0,M_1,M_1,M_1,M_1,M_1,M_2,M_2,M_2,M_2,M_2,M_3,M_3,M_3,M_3
3,20,5,0,12,0,6,M_3,M_0,M_0,M_0,M_0,M_0,M_1,M_1,M_1,M_1,M_1,M_2,M_2,M_2,M_2,M_2,M_3,M_3,M_3,M_3
4,20,0,0,12,0,6,M_3,M_0,M_0,M_0,M_0,M_0,M_1,M_1,M_1,M_1,M_1,M_2,M_2,M_2,M_2,M_2,M_3,M_3,M_3,M_3
4,21,1,0,12,0,6,M_3,M_0,M_0,M_0,M_0,M_0,M_1,M_1,M_1,M_1,M_1,M_2,M_2,M_2,M_2,M_2,M_3,M_3,M_3,M_3
4,22,2,0,12,0,6,M_3,M_0,M_0,M_0,M_0,M_0,M_1,M_1,M_1,M_1,M_1,M_2,M_2,M_2,M_2,M_2,M_3,M_3,M_3,M_3
4,23,3,2,14,1,7,M_3,M_1,M_0,M_0,M_0,M_0,M_1,M_1,M_1,M_1,M_0,M_2,M_2,M_2,M_2,M_2,M_3,M_3,M_3,M_3
4,24,4,0,14,0,7,M_3,M_1,M_0,M_0,M_0,M_0,M_1,M_1,M_1,M_1,M_0,M_2,M_2,M_2,M_2,M_2,M_3,M_3,M_3,M_3
4,25,5,0,14,0,7,M_3,M_1,M_0,M_0,M_0,M_0,M_1,M_1,M_1,M_1,M_0,M_2,M_2,M_2,M_2,M_2,M_3,M_3,M_3,M_3
5,25,0,0,14,0,7,M_3,M_1,M_0,M_0,M_0,M_0,M_1,M_1,M_1,M_1,M_0,M_2,M_2,M_2,M_2,M_2,M_3,M_3,M_3,M_3
5,26,1,2,16,1,8,M_3,M_1,M_0,M_0,M_0,M_0,M_1,M_1,M_1,M_1,M_2,M_2,M_2,M_2,M_2,M_0,M_3,M_3,M_3,M_3
5,27,2,2,18,1,9,M_3,M_2,M_0,M_0,M_0,M_0,M_1,M_1,M_1,M_1,M_2,M_2,M_2,M_2,M_1,M_0,M_3,M_3,M_3,M_3
5,28,3,0,18,0,9,M_3,M_2,M_0,M_0,M_0,M_0,M_1,M_1,M_1,M_1,M_2,M_2,M_2,M_2,M_1,M_0,M_3,M_3,M_3,M_3
5,29,4,0,18,0,9,M_3,M_2,M_0,M_0,M_0,M_0,M_1,M_1,M_1,M_1,M_2,M_2,M_2,M_2,M_1,M_0,M_3,M_3,M_3,M_3
5,30,5,0,18,0,9,M_3,M_2,M_0,M_0,M_0,M_0,M_1,M_1,M_1,M_1,M_2,M_2,M_2,M_2,M_1,M_0,M_3,M_3,M_3,M_3
6,30,0,0,18,0,9,M_3,M_2,M_0,M_0,M_0,M_0,M_1,M_1,M_1,M_1,M_2,M_2,M_2,M_2,M_1,M_0,M_3,M_3,M_3,M_3
6,31,1,4,22,2,11,M_3,M_1,M_0,M_0,M_0,M_0,M_1,M_0,M_2,M_1,M_2,M_2,M_2,M_2,M_1,M_1,M_3,M_3,M_3,M_3
6,32,2,0,22,0,11,M_3,M_1,M_0,M_0,M_0,M_0,M_1,M_0,M_2,M_1,M_2,M_2,M_2,M_2,M_1,M_1,M_3,M_3,M_3,M_3
6,33,3,2,24,1,12,M_1,M_3,M_0,M_0,M_0,M_0,M_1,M_0,M_2,M_1,M_2,M_2,M_2,M_2,M_1,M_1,M_3,M_3,M_3,M_3
6,34,4,0,24,0,12,M_1,M_3,M_0,M_0,M_0,M_0,M_1,M_0,M_2,M_1,M_2,M_2,M_2,M_2,M_1,M_1,M_3,M_3,M_3,M_3
6,35,5,0,24,0,12,M_1,M_3,M_0,M_0,M_0,M_0,M_1,M_0,M_2,M_1,M_2,M_2,M_2,M_2,M_1,M_1,M_3,M_3,M_3,M_3
7,35,0,0,24,0,12,M_1,M_3,M_0,M_0,M_0,M_0,M_1,M_0,M_2,M_1,M_2,M_2,M_2,M_2,M_1,M_1,M_3,M_3,M_3,M_3
7,36,1,0,24,0,12,M_1,M_3,M_0,M_0,M_0,M_0,M_1,M_0,M_2,M_1,M_2,M_2,M_2,M_2,M_1,M_1,M_3,M_3,M_3,M_3
7,37,2,0,24,0,12,M_1,M_3,M_0,M_0,M_0,M_0,M_1,M_0,M_2,M_1,M_2,M_2,M_2,M_2,M_1,M_1,M_3,M_3,M_3,M_3
7,38,3,2,26,1,13,M_1,M_3,M_0,M_0,M_1,M_0,M_0,M_0,M_2,M_1,M_2,M_2,M_2,M_2,M_1,M_1,M_3,M_3,M_3,M_3
7,39,4,0,26,0,13,M_1,M_3,M_0,M_0,M_1,M_0,M_0,M_0,M_2,M_1,M_2,M_2,M_2,M_2,M_1,M_1,M_3,M_3,M_3,M_3
7,40,5,0,26,0,13,M_1,M_3,M_0,M_0,M_1,M_0,M_0,M_0,M_2,M_1,M_2,M_2,M_2,M_2,M_1,M_1,M_3,M_3,M_3,M_3
8,40,0,0,26,0,13,M_1,M_3,M_0,M_0,M_1,M_0,M_0,M_0,M_2,M_1,M_2,M_2,M_2,M_2,M_1,M_1,M_3,M_3,M_3,M_3
8,41,1,2,28,1,14,M_1,M_3,M_2,M_0,M_1,M_0,M_0,M_0,M_2,M_1,M_2,M_2,M_2,M_0,M_1,M_1,M_3,M_3,M_3,M_3
8,42,2,2,30,1,15,M_1,M_3,M_2,M_0,M_1,M_0,M_0,M_0,M_1,M_2,M_2,M_2,M_2,M_0,M_1,M_1,M_3,M_3,M_3,M_3
8,43,3,0,30,0,15,M_1,M_3,M_2,M_0,M_1,M_0,M_0,M_0,M_1,M_2,M_2,M_2,M_2,M_0,M_1,M_1,M_3,M_3,M_3,M_3
8,44,4,0,30,0,15,M_1,M_3,M_2,M_0,M_1,M_0,M_0,M_0,M_1,M_2,M_2,M_2,M_2,M_0,M_1,M_1,M_3,M_3,M_3,M_3
8,45,5,0,30,0,15,M_1,M_3,M_2,M_0,M_1,M_0,M_0,M_0,M_1,M_2,M_2,M_2,M_2,M_0,M_1,M_1,M_3,M_3,M_3,M_3
9,45,0,0,30,0,15,M_1,M_3,M_2,M_0,M_1,M_0,M_0,M_0,M_1,M_2,M_2,M_2,M_2,M_0,M_1,M_1,M_3,M_3,M_3,M_3
9,46,1,2,32,1,16,M_1,M_3,M_2,M_0,M_1,M_0,M_0,M_0,M_1,M_2,M_0,M_2,M_2,M_2,M_1,M_1,M_3,M_3,M_3,M_3
9,47,2,2,34,1,17,M_2,M_3,M_1,M_0,M_1,M_0,M_0,M_0,M_1,M_2,M_0,M_2,M_2,M_2,M_1,M_1,M_3,M_3,M_3,M_3
9,48,3,0,34,0,17,M_2,M_3,M_1,M_0,M_1,M_0,M_0,M_0,M_1,M_2,M_0,M_2,M_2,M_2,M_1,M_1,M_3,M_3,M_3,M_3
9,49,4,2,36,1,18,M_2,M_3,M_3,M_0,M_1,M_0,M_0,M_0,M_1,M_2,M_0,M_2,M_2,M_2,M_1,M_1,M_3,M_3,M_3,M_1
9,50,5,0,36,0,18,M_2,M_3,M_3,M_0,M_1,M_0,M_0,M_0,M_1,M_2,M_0,M_2,M_2,M_2,M_1,M_1,M_3,M_3,M_3,M_1
10,50,0,0,36,0,18,M_2,M_3,M_3,M_0,M_1,M_0,M_0,M_0,M_1,M_2,M_0,M_2,M_2,M_2,M_1,M_1,M_3,M_3,M_3,M_1
10,51,1,0,36,0,18,M_2,M_3,M_3,M_0,M_1,M_0,M_0,M_0,M_1,M_2,M_0,M_2,M_2,M_2,M_1,M_1,M_3,M_3,M_3,M_1
10,52,2,3,39,0,21,M_2,M_3,M_1,M_0,M_0,M_0,M_0,M_0,M_1,M_2,M_3,M_2,M_2,M_2,M_1,M_1,M_3,M_3,M_3,M_1
10,53,3,0,39,0,21,M_2,M_3,M_1,M_0,M_0,M_0,M_0,M_0,M_1,M_2,M_3,M_2,M_2,M_2,M_1,M_1,M_3,M_3,M_3,M_1
10,54,4,0,39,0,21,M_2,M_3,M_1,M_0,M_0,M_0,M_0,M_0,M_1,M_2,M_3,M_2,M_2,M_2,M_1,M_1,M_3,M_3,M_3,M_1
10,55,5,0,39,0,21,M_2,M_3,M_1,M_0,M_0,M_0,M_0,M_0,M_1,M_2,M_3,M_2,M_2,M_2,M_1,M_1,M_3,M_3,M_3,M_1
11,55,0,0,39,0,21,M_2,M_3,M_1,M_0,M_0,M_0,M_0,M_0,M_1,M_2,M_3,M_2,M_2,M_2,M_1,M_1,M_3,M_3,M_3,M_1
11,56,1,4,43,0,25,M_2,M_3,M_1,M_1,M_0,M_0,M_0,M_0,M_1,M_2,M_2,M_2,M_2,M_0,M_1,M_1,M_3,M_3,M_3,M_3
11,57,2,2,45,1,26,M_1,M_3,M_1,M_2,M_0,M_0,M_0,M_0,M_1,M_2,M_2,M_2,M_2,M_0,M_1,M_1,M_3,M_3,M_3,M_3
11,58,3,0,45,0,26,M_1,M_3,M_1,M_2,M_0,M_0,M_0,M_0,M_1,M_2,M_2,M_2,M_2,M_0,M_1,M_1,M_3,M_3,M_3,M_3
11,59,4,0,45,0,26,M_1,M_3,M_1,M_2,M_0,M_0,M_0,M_0,M_1,M_2,M_2,M_2,M_2,M_0,M_1,M_1,M_3,M_3,M_3,M_3
11,60,5,0,45,0,26,M_1,M_3,M_1,M_2,M_0,M_0,M_0,M_0,M_1,M_2,M_2,M_2,M_2,M_0,M_1,M_1,M_3,M_3,M_3,M_3
12,60,0,0,45,0,26,M_1,M_3,M_1,M_2,M_0,M_0,M_0,M_0,M_1,M_2,M_2,M_2,M_2,M_0,M_1,M_1,M_3,M_3,M_3,M_3
12,61,1,2,47,1,27,M_1,M_3,M_1,M_0,M_2,M_0,M_0,M_0,M_1,M_2,M_2,M_2,M_2,M_0,M_1,M_1,M_3,M_3,M_3,M_3
12,62,2,2,49,1,28,M_1,M_3,M_1,M_1,M_2,M_0,M_0,M_0,M_0,M_2,M_2,M_2,M_2,M_0,M_1,M_1,M_3,M_3,M_3,M_3
12,63,3,0,49,0,28,M_1,M_3,M_1,M_1,M_2,M_0,M_0,M_0,M_0,M_2,M_2,M_2,M_2,M_0,M_1,M_1,M_3,M_3,M_3,M_3
12,64,4,2,51,1,29,M_1,M_3,M_1,M_3,M_2,M_0,M_0,M_0,M_0,M_2,M_2,M_2,M_2,M_0,M_1,M_1,M_3,M_3,M_3,M_1
12,65,5,0,51,0,29,M_1,M_3,M_1,M_3,M_2,M_0,M_0,M_0,M_0,M_2,M_2,M_2,M_2,M_0,M_1,M_1,M_3,M_3,M_3,M_1
13,65,0,0,51,0,29,M_1,M_3,M_1,M_3,M_2,M_0,M_0,M_0,M_0,M_2,M_2,M_2,M_2,M_0,M_1,M_1,M_3,M_3,M_3,M_1
13,66,1,4,55,2,31,M_1,M_1,M_1,M_3,M_0,M_0,M_0,M_0,M_0,M_2,M_2,M_2,M_2,M_2,M_1,M_1,M_3,M_3,M_3,M_3
13,67,2,0,55,0,31,M_1,M_1,M_1,M_3,M_0,M_0,M_0,M_0,M_0,M_2,M_2,M_2,M_2,M_2,M_1,M_1,M_3,M_3,M_3,M_3
13,68,3,0,55,0,31,M_1,M_1,M_1,M_3,M_0,M_0,M_0,M_0,M_0,M_2,M_2,M_2,M_2,M_2,M_1,M_1,M_3,M_3,M_3,M_3
13,69,4,0,55,0,31,M_1,M_1,M_1,M_3,M_0,M_0,M_0,M_0,M_0,M_2,M_2,M_2,M_2,M_2,M_1,M_1,M_3,M_3,M_3,M_3
13,70,5,0,55,0,31,M_1,M_1,M_1,M_3,M_0,M_0,M_0,M_0,M_0,M_2,M_2,M_2,M_2,M_2,M_1,M_1,M_3,M_3,M_3,M_3
14,70,0,0,55,0,31,M_1,M_1,M_1,M_3,M_0,M_0,M_0,M_0,M_0,M_2,M_2,M_2,M_2,M_2,M_1,M_1,M_3,M_3,M_3,M_3
14,71,1,2,57,1,32,M_1,M_1,M_1,M_3,M_2,M_0,M_0,M_0,M_0,M_2,M_2,M_2,M_2,M_0,M_1,M_1,M_3,M_3,M_3,M_3
14,72,2,0,57,0,32,M_1,M_1,M_1,M_3,M_2,M_0,M_0,M_0,M_0,M_2,M_2,M_2,M_2,M_0,M_1,M_1,M_3,M_3,M_3,M_3
14,73,3,0,57,0,32,M_1,M_1,M_1,M_3,M_2,M_0,M_0,M_0,M_0,M_2,M_2,M_2,M_2,M_0,M_1,M_1,M_3,M_3,M_3,M_3
14,74,4,0,57,0,32,M_1,M_1,M_1,M_3,M_2,M_0,M_0,M_0,M_0,M_2,M_2,M_2,M_2,M_0,M_1,M_1,M_3,M_3,M_3,M_3
14,75,5,2,59,1,33,M_1,M_1,M_1,M_3,M_2,M_0,M_0,M_0,M_0,M_0,M_2,M_2,M_2,M_2,M_1,M_1,M_3,M_3,M_3,M_3
15,75,0,0,59,0,33,M_1,M_1,M_1,M_3,M_2,M_0,M_0,M_0,M_0,M_0,M_2,M_2,M_2,M_2,M_1,M_1,M_3,M_3,M_3,M_3
15,76,1,2,61,1,34,M_2,M_1,M_1,M_3,M_1,M_0,M_0,M_0,M_0,M_0,M_2,M_2,M_2,M_2,M_1,M_1,M_3,M_3,M_3,M_3
15,77,2,0,61,0,34,M_2,M_1,M_1,M_3,M_1,M_0,M_0,M_0,M_0,M_0,M_2,M_2,M_2,M_2,M_1,M_1,M_3,M_3,M_3,M_3
15,78,3,2,63,1,35,M_2,M_1,M_1,M_1,M_3,M_0,M_0,M_0,M_0,M_0,M_2,M_2,M_2,M_2,M_1,M_1,M_3,M_3,M_3,M_3
15,79,4,0,63,0,35,M_2,M_1,M_1,M_1,M_3,M_0,M_0,M_0,M_0,M_0,M_2,M_2,M_2,M_2,M_1,M_1,M_3,M_3,M_3,M_3
15,80,5,0,63,0,35,M_2,M_1,M_1,M_1,M_3,M_0,M_0,M_0,M_0,M_0,M_2,M_2,M_2,M_2,M_1,M_1,M_3,M_3,M_3,M_3
16,80,0,0,63,0,35,M_2,M_1,M_1,M_1,M_3,M_0,M_0,M_0,M_0,M_0,M_2,M_2,M_2,M_2,M_1,M_1,M_3,M_3,M_3,M_3
16,81,1,0,63,0,35,M_2,M_1,M_1,M_1,M_3,M_0,M_0,M_0,M_0,M_0,M_2,M_2,M_2,M_2,M_1,M_1,M_3,M_3,M_3,M_3
16,82,2,2,65,1,36,M_2,M_1,M_1,M_1,M_3,M_0,M_2,M_0,M_0,M_0,M_0,M_2,M_2,M_2,M_1,M_1,M_3,M_3,M_3,M_3
16,83,3,0,65,0,36,M_2,M_1,M_1,M_1,M_3,M_0,M_2,M_0,M_0,M_0,M_0,M_2,M_2,M_2,M_1,M_1,M_3,M_3,M_3,M_3
16,84,4,0,65,0,36,M_2,M_1,M_1,M_1,M_3,M_0,M_2,M_0,M_0,M_0,M_0,M_2,M_2,M_2,M_1,M_1,M_3,M_3,M_3,M_3
16,85,5,0,65,0,36,M_2,M_1,M_1,M_1,M_3,M_0,M_2,M_0,M_0,M_0,M_0,M_2,M_2,M_2,M_1,M_1,M_3,M_3,M_3,M_3
17,85,0,0,65,0,36,M_2,M_1,M_1,M_1,M_3,M_0,M_2,M_0,M_0,M_0,M_0,M_2,M_2,M_2,M_1,M_1,M_3,M_3,M_3,M_3
17,86,1,2,67,1,37,M_2,M_1,M_1,M_1,M_3,M_2,M_0,M_0,M_0,M_0,M_0,M_2,M_2,M_2,M_1,M_1,M_3,M_3,M_3,M_3
17,87,2,0,67,0,37,M_2,M_1,M_1,M_1,M_3,M_2,M_0,M_0,M_0,M_0,M_0,M_2,M_2,M_2,M_1,M_1,M_3,M_3,M_3,M_3
17,88,3,0,67,0,37,M_2,M_1,M_1,M_1,M_3,M_2,M_0,M_0,M_0,M_0,M_0,M_2,M_2,M_2,M_1,M_1,M_3,M_3,M_3,M_3
17,89,4,2,69,1,38,M_2,M_1,M_1,M_2,M_3,M_1,M_0,M_0,M_0,M_0,M_0,M_2,M_2,M_2,M_1,M_1,M_3,M_3,M_3,M_3
17,90,5,0,69,0,38,M_2,M_1,M_1,M_2,M_3,M_1,M_0,M_0,M_0,M_0,M_0,M_2,M_2,M_2,M_1,M_1,M_3,M_3,M_3,M_3
18,90,0,0,69,0,38,M_2,M_1,M_1,M_2,M_3,M_1,M_0,M_0,M_0,M_0,M_0,M_2,M_2,M_2,M_1,M_1,M_3,M_3,M_3,M_3
18,91,1,2,71,1,39,M_2,M_1,M_1,M_2,M_1,M_3,M_0,M_0,M_0,M_0,M_0,M_2,M_2,M_2,M_1,M_1,M_3,M_3,M_3,M_3
18,92,2,0,71,0,39,M_2,M_1,M_1,M_2,M_1,M_3,M_0,M_0,M_0,M_0,M_0,M_2,M_2,M_2,M_1,M_1,M_3,M_3,M_3,M_3
18,93,3,0,71,0,39,M_2,M_1,M_1,M_2,M_1,M_3,M_0,M_0,M_0,M_0,M_0,M_2,M_2,M_2,M_1,M_1,M_3,M_3,M_3,M_3
18,94,4,0,71,0,39,M_2,M_1,M_1,M_2,M_1,M_3,M_0,M_0,M_0,M_0,M_0,M_2,M_2,M_2,M_1,M_1,M_3,M_3,M_3,M_3
18,95,5,0,71,0,39,M_2,M_1,M_1,M_2,M_1,M_3,M_0,M_0,M_0,M_0,M_0,M_2,M_2,M_2,M_1,M_1,M_3,M_3,M_3,M_3
19,95,0,0,71,0,39,M_2,M_1,M_1,M_2,M_1,M_3,M_0,M_0,M_0,M_0,M_0,M_2,M_2,M_2,M_1,M_1,M_3,M_3,M_3,M_3
19,96,1,0,71,0,39,M_2,M_1,M_1,M_2,M_1,M_3,M_0,M_0,M_0,M_0,M_0,M_2,M_2,M_2,M_1,M_1,M_3,M_3,M_3,M_3
19,97,2,0,71,0,39,M_2,M_1,M_1,M_2,M_1,M_3,M_0,M_0,M_0,M_0,M_0,M_2,M_2,M_2,M_1,M_1,M_3,M_3,M_3,M_3
19,98,3,2,73,1,40,M_2,M_1,M_1,M_0,M_1,M_3,M_2,M_0,M_0,M_0,M_0,M_2,M_2,M_2,M_1,M_1,M_3,M_3,M_3,M_3
19,99,4,0,73,0,40,M_2,M_1,M_1,M_0,M_1,M_3,M_2,M_0,M_0,M_0,M_0,M_2,M_2,M_2,M_1,M_1,M_3,M_3,M_3,M_3
19,100,5,0,73,0,40,M_2,M_1,M_1,M_0,M_1,M_3,M_2,M_0,M_0,M_0,M_0,M_2,M_2,M_2,M_1,M_1,M_3,M_3,M_3,M_3
20,100,0,0,73,0,40,M_2,M_1,M_1,M_0,M_1,M_3,M_2,M_0,M_0,M_0,M_0,M_2,M_2,M_2,M_1,M_1,M_3,M_3,M_3,M_3
20,101,1,2,75,1,41,M_2,M_1,M_1,M_0,M_2,M_3,M_1,M_0,M_0,M_0,M_0,M_2,M_2,M_2,M_1,M_1,M_3,M_3,M_3,M_3
20,102,2,0,75,0,41,M_2,M_1,M_1,M_0,M_2,M_3,M_1,M_0,M_0,M_0,M_0,M_2,M_2,M_2,M_1,M_1,M_3,M_3,M_3,M_3
20,103,3,2,77,1,42,M_2,M_1,M_1,M_0,M_2,M_1,M_3,M_0,M_0,M_0,M_0,M_2,M_2,M_2,M_1,M_1,M_3,M_3,M_3,M_3
20,104,4,0,77,0,42,M_2,M_1,M_1,M_0,M_2,M_1,M_3,M_0,M_0,M_0,M_0,M_2,M_2,M_2,M_1,M_1,M_3,M_3,M_3,M_3
20,105,5,0,77,0,42,M_2,M_1,M_1,M_0,M_2,M_1,M_3,M_0,M_0,M_0,M_0,M_2,M_2,M_2,M_1,M_1,M_3,M_3,M_3,M_3
21,105,0,0,77,0,42,M_2,M_1,M_1,M_0,M_2,M_1,M_3,M_0,M_0,M_0,M_0,M_2,M_2,M_2,M_1,M_1,M_3,M_3,M_3,M_3
21,106,1,0,77,0,42,M_2,M_1,M_1,M_0,M_2,M_1,M_3,M_0,M_0,M_0,M_0,M_2,M_2,M_2,M_1,M_1,M_3,M_3,M_3,M_3
21,107,2,0,77,0,42,M_2,M_1,M_1,M_0,M_2,M_1,M_3,M_0,M_0,M_0,M_0,M_2,M_2,M_2,M_1,M_1,M_3,M_3,M_3,M_3
21,108,3,0,77,0,42,M_2,M_1,M_1,M_0,M_2,M_1,M_3,M_0,M_0,M_0,M_0,M_2,M_2,M_2,M_1,M_1,M_3,M_3,M_3,M_3
21,109,4,2,79,1,43,M_2,M_1,M_1,M_0,M_2,M_1,M_3,M_2,M_0,M_0,M_0,M_2,M_2,M_0,M_1,M_1,M_3,M_3,M_3,M_3
21,110,5,0,79,0,43,M_2,M_1,M_1,M_0,M_2,M_1,M_3,M_2,M_0,M_0,M_0,M_2,M_2,M_0,M_1,M_1,M_3,M_3,M_3,M_3
22,110,0,0,79,0,43,M_2,M_1,M_1,M_0,M_2,M_1,M_3,M_2,M_0,M_0,M_0,M_2,M_2,M_0,M_1,M_1,M_3,M_3,M_3,M_3
22,111,1,4,83,2,45,M_2,M_0,M_1,M_0,M_2,M_2,M_3,M_1,M_0,M_0,M_0,M_2,M_2,M_1,M_1,M_1,M_3,M_3,M_3,M_3
22,112,2,0,83,0,45,M_2,M_0,M_1,M_0,M_2,M_2,M_3,M_1,M_0,M_0,M_0,M_2,M_2,M_1,M_1,M_1,M_3,M_3,M_3,M_3
22,113,3,0,83,0,45,M_2,M_0,M_1,M_0,M_2,M_2,M_3,M_1,M_0,M_0,M_0,M_2,M_2,M_1,M_1,M_1,M_3,M_3,M_3,M_3
22,114,4,2,85,1,46,M_2,M_0,M_1,M_0,M_2,M_2,M_1,M_3,M_0,M_0,M_0,M_2,M_2,M_1,M_1,M_1,M_3,M_3,M_3,M_3
22,115,5,0,85,0,46,M_2,M_0,M_1,M_0,M_2,M_2,M_1,M_3,M_0,M_0,M_0,M_2,M_2,M_1,M_1,M_1,M_3,M_3,M_3,M_3
23,115,0,0,85,0,46,M_2,M_0,M_1,M_0,M_2,M_2,M_1,M_3,M_0,M_0,M_0,M_2,M_2,M_1,M_1,M_1,M_3,M_3,M_3,M_3
23,116,1,0,85,0,46,M_2,M_0,M_1,M_0,M_2,M_2,M_1,M_3,M_0,M_0,M_0,M_2,M_2,M_1,M_1,M_1,M_3,M_3,M_3,M_3
23,117,2,0,85,0,46,M_2,M_0,M_1,M_0,M_2,M_2,M_1,M_3,M_0,M_0,M_0,M_2,M_2,M_1,M_1,M_1,M_3,M_3,M_3,M_3
23,118,3,0,85,0,46,M_2,M_0,M_1,M_0,M_2,M_2,M_1,M_3,M_0,M_0,M_0,M_2,M_2,M_1,M_1,M_1,M_3,M_3,M_3,M_3
23,119,4,2,87,1,47,M_2,M_0,M_1,M_0,M_2,M_0,M_1,M_3,M_2,M_0,M_0,M_2,M_2,M_1,M_1,M_1,M_3,M_3,M_3,M_3
23,120,5,0,87,0,47,M_2,M_0,M_1,M_0,M_2,M_0,M_1,M_3,M_2,M_0,M_0,M_2,M_2,M_1,M_1,M_1,M_3,M_3,M_3,M_3
24,120,0,0,87,0,47,M_2,M_0,M_1,M_0,M_2,M_0,M_1,M_3,M_2,M_0,M_0,M_2,M_2,M_1,M_1,M_1,M_3,M_3,M_3,M_3
24,121,1,2,89,1,48,M_2,M_0,M_2,M_0,M_2,M_0,M_1,M_3,M_1,M_0,M_0,M_2,M_2,M_1,M_1,M_1,M_3,M_3,M_3,M_3
24,122,2,0,89,0,48,M_2,M_0,M_2,M_0,M_2,M_0,M_1,M_3,M_1,M_0,M_0,M_2,M_2,M_1,M_1,M_1,M_3,M_3,M_3,M_3
24,123,3,0,89,0,48,M_2,M_0,M_2,M_0,M_2,M_0,M_1,M_3,M_1,M_0,M_0,M_2,M_2,M_1,M_1,M_1,M_3,M_3,M_3,M_3
24,124,4,2,91,1,49,M_2,M_0,M_2,M_0,M_2,M_0,M_1,M_1,M_3,M_0,M_0,M_2,M_2,M_1,M_1,M_1,M_3,M_3,M_3,M_3
24,125,5,0,91,0,49,M_2,M_0,M_2,M_0,M_2,M_0,M_1,M_1,M_3,M_0,M_0,M_2,M_2,M_1,M_1,M_1,M_3,M_3,M_3,M_3
25,125,0,0,91,0,49,M_2,M_0,M_2,M_0,M_2,M_0,M_1,M_1,M_3,M_0,M_0,M_2,M_2,M_1,M_1,M_1,M_3,M_3,M_3,M_3
25,126,1,2,93,1,50,M_2,M_0,M_1,M_0,M_2,M_0,M_1,M_1,M_3,M_0,M_0,M_2,M_2,M_2,M_1,M_1,M_3,M_3,M_3,M_3
25,127,2,0,93,0,50,M_2,M_0,M_1,M_0,M_2,M_0,M_1,M_1,M_3,M_0,M_0,M_2,M_2,M_2,M_1,M_1,M_3,M_3,M_3,M_3
25,128,3,2,95,1,51,M_0,M_0,M_1,M_0,M_2,M_0,M_1,M_1,M_3,M_2,M_0,M_2,M_2,M_2,M_1,M_1,M_3,M_3,M_3,M_3
25,129,4,0,95,0,51,M_0,M_0,M_1,M_0,M_2,M_0,M_1,M_1,M_3,M_2,M_0,M_2,M_2,M_2,M_1,M_1,M_3,M_3,M_3,M_3
25,130,5,0,95,0,51,M_0,M_0,M_1,M_0,M_2,M_0,M_1,M_1,M_3,M_2,M_0,M_2,M_2,M_2,M_1,M_1,M_3,M_3,M_3,M_3
26,130,0,0,95,0,51,M_0,M_0,M_1,M_0,M_2,M_0,M_1,M_1,M_3,M_2,M_0,M_2,M_2,M_2,M_1,M_1,M_3,M_3,M_3,M_3
26,131,1,2,97,1,52,M_0,M_0,M_1,M_0,M_2,M_0,M_1,M_2,M_3,M_1,M_0,M_2,M_2,M_2,M_1,M_1,M_3,M_3,M_3,M_3
26,132,2,0,97,0,52,M_0,M_0,M_1,M_0,M_2,M_0,M_1,M_2,M_3,M_1,M_0,M_2,M_2,M_2,M_1,M_1,M_3,M_3,M_3,M_3
26,133,3,2,99,1,53,M_0,M_0,M_1,M_0,M_2,M_0,M_1,M_2,M_1,M_3,M_0,M_2,M_2,M_2,M_1,M_1,M_3,M_3,M_3,M_3
26,134,4,0,99,0,53,M_0,M_0,M_1,M_0,M_2,M_0,M_1,M_2,M_1,M_3,M_0,M_2,M_2,M_2,M_1,M_1,M_3,M_3,M_3,M_3
26,135,5,0,99,0,53,M_0,M_0,M_1,M_0,M_2,M_0,M_1,M_2,M_1,M_3,M_0,M_2,M_2,M_2,M_1,M_1,M_3,M_3,M_3,M_3
27,135,0,0,99,0,53,M_0,M_0,M_1,M_0,M_2,M_0,M_1,M_2,M_1,M_3,M_0,M_2,M_2,M_2,M_1,M_1,M_3,M_3,M_3,M_3
27,136,1,2,101,1,54,M_0,M_0,M_1,M_0,M_2,M_0,M_1,M_0,M_1,M_3,M_2,M_2,M_2,M_2,M_1,M_1,M_3,M_3,M_3,M_3
27,137,2,0,101,0,54,M_0,M_0,M_1,M_0,M_2,M_0,M_1,M_0,M_1,M_3,M_2,M_2,M_2,M_2,M_1,M_1,M_3,M_3,M_3,M_3
27,138,3,0,101,0,54,M_0,M_0,M_1,M_0,M_2,M_0,M_1,M_0,M_1,M_3,M_2,M_2,M_2,M_2,M_1,M_1,M_3,M_3,M_3,M_3
27,139,4,2,103,1,55,M_0,M_0,M_2,M_0,M_2,M_0,M_1,M_0,M_1,M_3,M_1,M_2,M_2,M_2,M_1,M_1,M_3,M_3,M_3,M_3
27,140,5,0,103,0,55,M_0,M_0,M_2,M_0,M_2,M_0,M_1,M_0,M_1,M_3,M_1,M_2,M_2,M_2,M_1,M_1,M_3,M_3,M_3,M_3
28,140,0,0,103,0,55,M_0,M_0,M_2,M_0,M_2,M_0,M_1,M_0,M_1,M_3,M_1,M_2,M_2,M_2,M_1,M_1,M_3,M_3,M_3,M_3
28,141,1,2,105,1,56,M_0,M_0,M_2,M_0,M_2,M_0,M_1,M_0,M_1,M_1,M_3,M_2,M_2,M_2,M_1,M_1,M_3,M_3,M_3,M_3
28,142,2,0,105,0,56,M_0,M_0,M_2,M_0,M_2,M_0,M_1,M_0,M_1,M_1,M_3,M_2,M_2,M_2,M_1,M_1,M_3,M_3,M_3,M_3
28,143,3,0,105,0,56,M_0,M_0,M_2,M_0,M_2,M_0,M_1,M_0,M_1,M_1,M_3,M_2,M_2,M_2,M_1,M_1,M_3,M_3,M_3,M_3
28,144,4,0,105,0,56,M_0,M_0,M_2,M_0,M_2,M_0,M_1,M_0,M_1,M_1,M_3,M_2,M_2,M_2,M_1,M_1,M_3,M_3,M_3,M_3
28,145,5,0,105,0,56,M_0,M_0,M_2,M_0,M_2,M_0,M_1,M_0,M_1,M_1,M_3,M_2,M_2,M_2,M_1,M_1,M_3,M_3,M_3,M_3
29,145,0,0,105,0,56,M_0,M_0,M_2,M_0,M_2,M_0,M_1,M_0,M_1,M_1,M_3,M_2,M_2,M_2,M_1,M_1,M_3,M_3,M_3,M_3
29,146,1,2,107,1,57,M_0,M_0,M_2,M_0,M_2,M_0,M_1,M_0,M_1,M_2,M_3,M_1,M_2,M_2,M_1,M_1,M_3,M_3,M_3,M_3
29,147,2,0,107,0,57,M_0,M_0,M_2,M_0,M_2,M_0,M_1,M_0,M_1,M_2,M_3,M_1,M_2,M_2,M_1,M_1,M_3,M_3,M_3,M_3
29,148,3,2,109,1,58,M_0,M_0,M_2,M_0,M_2,M_0,M_1,M_0,M_1,M_2,M_3,M_3,M_2,M_2,M_1,M_1,M_3,M_3,M_3,M_1
29,149,4,0,109,0,58,M_0,M_0,M_2,M_0,M_2,M_0,M_1,M_0,M_1,M_2,M_3,M_3,M_2,M_2,M_1,M_1,M_3,M_3,M_3,M_1
29,150,5,0,109,0,58,M_0,M_0,M_2,M_0,M_2,M_0,M_1,M_0,M_1,M_2,M_3,M_3,M_2,M_2,M_1,M_1,M_3,M_3,M_3,M_1
30,150,0,0,109,0,58,M_0,M_0,M_2,M_0,M_2,M_0,M_1,M_0,M_1,M_2,M_3,M_3,M_2,M_2,M_1,M_1,M_3,M_3,M_3,M_1
30,151,1,2,111,1,59,M_0,M_0,M_2,M_0,M_2,M_0,M_1,M_0,M_3,M_2,M_3,M_1,M_2,M_2,M_1,M_1,M_3,M_3,M_3,M_1
30,152,2,2,113,1,60,M_0,M_0,M_2,M_0,M_2,M_0,M_1,M_0,M_3,M_2,M_3,M_2,M_1,M_2,M_1,M_1,M_3,M_3,M_3,M_1
30,153,3,0,113,0,60,M_0,M_0,M_2,M_0,M_2,M_0,M_1,M_0,M_3,M_2,M_3,M_2,M_1,M_2,M_1,M_1,M_3,M_3,M_3,M_1
30,154,4,2,115,1,61,M_0,M_0,M_2,M_0,M_2,M_0,M_1,M_0,M_3,M_2,M_1,M_2,M_3,M_2,M_1,M_1,M_3,M_3,M_3,M_1
30,155,5,0,115,0,61,M_0,M_0,M_2,M_0,M_2,M_0,M_1,M_0,M_3,M_2,M_1,M_2,M_3,M_2,M_1,M_1,M_3,M_3,M_3,M_1
31,155,0,0,115,0,61,M_0,M_0,M_2,M_0,M_2,M_0,M_1,M_0,M_3,M_2,M_1,M_2,M_3,M_2,M_1,M_1,M_3,M_3,M_3,M_1
31,156,1,3,118,0,64,M_0,M_0,M_2,M_0,M_2,M_0,M_1,M_0,M_2,M_2,M_1,M_2,M_3,M_1,M_1,M_1,M_3,M_3,M_3,M_3
31,157,2,0,118,0,64,M_0,M_0,M_2,M_0,M_2,M_0,M_1,M_0,M_2,M_2,M_1,M_2,M_3,M_1,M_1,M_1,M_3,M_3,M_3,M_3
31,158,3,0,118,0,64,M_0,M_0,M_2,M_0,M_2,M_0,M_1,M_0,M_2,M_2,M_1,M_2,M_3,M_1,M_1,M_1,M_3,M_3,M_3,M_3
31,159,4,2,120,1,65,M_0,M_0,M_2,M_0,M_2,M_0,M_1,M_0,M_2,M_2,M_1,M_2,M_3,M_3,M_1,M_1,M_3,M_3,M_3,M_1
31,160,5,0,120,0,65,M_0,M_0,M_2,M_0,M_2,M_0,M_1,M_0,M_2,M_2,M_1,M_2,M_3,M_3,M_1,M_1,M_3,M_3,M_3,M_1
32,160,0,0,120,0,65,M_0,M_0,M_2,M_0,M_2,M_0,M_1,M_0,M_2,M_2,M_1,M_2,M_3,M_3,M_1,M_1,M_3,M_3,M_3,M_1
32,161,1,0,120,0,65,M_0,M_0,M_2,M_0,M_2,M_0,M_1,M_0,M_2,M_2,M_1,M_2,M_3,M_3,M_1,M_1,M_3,M_3,M_3,M_1
32,162,2,2,122,1,66,M_0,M_0,M_2,M_0,M_2,M_0,M_3,M_0,M_2,M_2,M_1,M_2,M_3,M_1,M_1,M_1,M_3,M_3,M_3,M_1
32,163,3,2,124,1,67,M_0,M_0,M_2,M_0,M_2,M_0,M_3,M_0,M_2,M_2,M_1,M_2,M_1,M_1,M_3,M_1,M_3,M_3,M_3,M_1
32,164,4,0,124,0,67,M_0,M_0,M_2,M_0,M_2,M_0,M_3,M_0,M_2,M_2,M_1,M_2,M_1,M_1,M_3,M_1,M_3,M_3,M_3,M_1
32,165,5,0,124,0,67,M_0,M_0,M_2,M_0,M_2,M_0,M_3,M_0,M_2,M_2,M_1,M_2,M_1,M_1,M_3,M_1,M_3,M_3,M_3,M_1
33,165,0,0,124,0,67,M_0,M_0,M_2,M_0,M_2,M_0,M_3,M_0,M_2,M_2,M_1,M_2,M_1,M_1,M_3,M_1,M_3,M_3,M_3,M_1
33,166,1,2,126,1,68,M_0,M_0,M_2,M_0,M_2,M_0,M_3,M_0,M_2,M_2,M_1,M_2,M_1,M_1,M_1,M_3,M_3,M_3,M_3,M_1
33,167,2,0,126,0,68,M_0,M_0,M_2,M_0,M_2,M_0,M_3,M_0,M_2,M_2,M_1,M_2,M_1,M_1,M_1,M_3,M_3,M_3,M_3,M_1
33,168,3,0,126,0,68,M_0,M_0,M_2,M_0,M_2,M_0,M_3,M_0,M_2,M_2,M_1,M_2,M_1,M_1,M_1,M_3,M_3,M_3,M_3,M_1
33,169,4,2,128,1,69,M_0,M_0,M_2,M_0,M_2,M_0,M_3,M_0,M_2,M_2,M_1,M_2,M_1,M_1,M_3,M_1,M_3,M_3,M_3,M_1
34,169,0,0,128,0,69,M_0,M_0,M_2,M_0,M_2,M_0,M_3,M_0,M_2,M_2,M_1,M_2,M_1,M_1,M_3,M_1,M_3,M_3,M_3,M_1
34,170,1,2,130,1,70,M_0,M_0,M_2,M_0,M_2,M_0,M_1,M_0,M_2,M_2,M_1,M_2,M_1,M_1,M_3,M_1,M_3,M_3,M_3,M_3
34,171,2,0,130,0,70,M_0,M_0,M_2,M_0,M_2,M_0,M_1,M_0,M_2,M_2,M_1,M_2,M_1,M_1,M_3,M_1,M_3,M_3,M_3,M_3
34,172,3,0,130,0,70,M_0,M_0,M_2,M_0,M_2,M_0,M_1,M_0,M_2,M_2,M_1,M_2,M_1,M_1,M_3,M_1,M_3,M_3,M_3,M_3
34,173,4,0,130,0,70,M_0,M_0,M_2,M_0,M_2,M_0,M_1,M_0,M_2,M_2,M_1,M_2,M_1,M_1,M_3,M_1,M_3,M_3,M_3,M_3
