Instance,Global Circuit layer,Local Circuit Layer,Number of Teleported Qubits,Total Number of Teleported Qubits,Number of Teleported Qubit Swaps,Total Number of Teleported Qubits Minus Swaps,q_0,q_1,q_2,q_3,q_4,q_5,q_6,q_7,q_8,q_9,q_10,q_11,q_12,q_13,q_14,q_15,q_16,q_17,q_18,q_19,q_20,q_21,q_22,q_23,q_24,q_25,q_26,q_27,q_28,q_29,q_30,q_31
0,0,0,0,0,0,0,M_0,M_0,M_0,M_0,M_0,M_0,M_0,M_0,M_1,M_1,M_1,M_1,M_1,M_1,M_1,M_1,M_2,M_2,M_2,M_2,M_2,M_2,M_2,M_2,M_3,M_3,M_3,M_3,M_3,M_3,M_3,M_3
0,1,1,0,0,0,0,M_0,M_0,M_0,M_0,M_0,M_0,M_0,M_0,M_1,M_1,M_1,M_1,M_1,M_1,M_1,M_1,M_2,M_2,M_2,M_2,M_2,M_2,M_2,M_2,M_3,M_3,M_3,M_3,M_3,M_3,M_3,M_3
0,2,2,0,0,0,0,M_0,M_0,M_0,M_0,M_0,M_0,M_0,M_0,M_1,M_1,M_1,M_1,M_1,M_1,M_1,M_1,M_2,M_2,M_2,M_2,M_2,M_2,M_2,M_2,M_3,M_3,M_3,M_3,M_3,M_3,M_3,M_3
0,3,3,0,0,0,0,M_0,M_0,M_0,M_0,M_0,M_0,M_0,M_0,M_1,M_1,M_1,M_1,M_1,M_1,M_1,M_1,M_2,M_2,M_2,M_2,M_2,M_2,M_2,M_2,M_3,M_3,M_3,M_3,M_3,M_3,M_3,M_3
0,4,4,0,0,0,0,M_0,M_0,M_0,M_0,M_0,M_0,M_0,M_0,M_1,M_1,M_1,M_1,M_1,M_1,M_1,M_1,M_2,M_2,M_2,M_2,M_2,M_2,M_2,M_2,M_3,M_3,M_3,M_3,M_3,M_3,M_3,M_3
0,5,5,0,0,0,0,M_0,M_0,M_0,M_0,M_0,M_0,M_0,M_0,M_1,M_1,M_1,M_1,M_1,M_1,M_1,M_1,M_2,M_2,M_2,M_2,M_2,M_2,M_2,M_2,M_3,M_3,M_3,M_3,M_3,M_3,M_3,M_3
0,6,6,0,0,0,0,M_0,M_0,M_0,M_0,M_0,M_0,M_0,M_0,M_1,M_1,M_1,M_1,M_1,M_1,M_1,M_1,M_2,M_2,M_2,M_2,M_2,M_2,M_2,M_2,M_3,M_3,M_3,M_3,M_3,M_3,M_3,M_3
0,7,7,0,0,0,0,M_0,M_0,M_0,M_0,M_0,M_0,M_0,M_0,M_1,M_1,M_1,M_1,M_1,M_1,M_1,M_1,M_2,M_2,M_2,M_2,M_2,M_2,M_2,M_2,M_3,M_3,M_3,M_3,M_3,M_3,M_3,M_3
0,8,8,2,2,1,1,M_1,M_0,M_0,M_0,M_0,M_0,M_0,M_0,M_1,M_1,M_1,M_1,M_1,M_0,M_1,M_1,M_2,M_2,M_2,M_2,M_2,M_2,M_2,M_2,M_3,M_3,M_3,M_3,M_3,M_3,M_3,M_3
0,9,9,0,2,0,1,M_1,M_0,M_0,M_0,M_0,M_0,M_0,M_0,M_1,M_1,M_1,M_1,M_1,M_0,M_1,M_1,M_2,M_2,M_2,M_2,M_2,M_2,M_2,M_2,M_3,M_3,M_3,M_3,M_3,M_3,M_3,M_3
0,10,10,0,2,0,1,M_1,M_0,M_0,M_0,M_0,M_0,M_0,M_0,M_1,M_1,M_1,M_1,M_1,M_0,M_1,M_1,M_2,M_2,M_2,M_2,M_2,M_2,M_2,M_2,M_3,M_3,M_3,M_3,M_3,M_3,M_3,M_3
1,10,0,0,2,0,1,M_1,M_0,M_0,M_0,M_0,M_0,M_0,M_0,M_1,M_1,M_1,M_1,M_1,M_0,M_1,M_1,M_2,M_2,M_2,M_2,M_2,M_2,M_2,M_2,M_3,M_3,M_3,M_3,M_3,M_3,M_3,M_3
1,11,1,0,2,0,1,M_1,M_0,M_0,M_0,M_0,M_0,M_0,M_0,M_1,M_1,M_1,M_1,M_1,M_0,M_1,M_1,M_2,M_2,M_2,M_2,M_2,M_2,M_2,M_2,M_3,M_3,M_3,M_3,M_3,M_3,M_3,M_3
1,12,2,2,4,1,2,M_1,M_0,M_0,M_0,M_0,M_0,M_0,M_0,M_1,M_0,M_1,M_1,M_1,M_1,M_1,M_1,M_2,M_2,M_2,M_2,M_2,M_2,M_2,M_2,M_3,M_3,M_3,M_3,M_3,M_3,M_3,M_3
1,13,3,0,4,0,2,M_1,M_0,M_0,M_0,M_0,M_0,M_0,M_0,M_1,M_0,M_1,M_1,M_1,M_1,M_1,M_1,M_2,M_2,M_2,M_2,M_2,M_2,M_2,M_2,M_3,M_3,M_3,M_3,M_3,M_3,M_3,M_3
1,14,4,0,4,0,2,M_1,M_0,M_0,M_0,M_0,M_0,M_0,M_0,M_1,M_0,M_1,M_1,M_1,M_1,M_1,M_1,M_2,M_2,M_2,M_2,M_2,M_2,M_2,M_2,M_3,M_3,M_3,M_3,M_3,M_3,M_3,M_3
1,15,5,0,4,0,2,M_1,M_0,M_0,M_0,M_0,M_0,M_0,M_0,M_1,M_0,M_1,M_1,M_1,M_1,M_1,M_1,M_2,M_2,M_2,M_2,M_2,M_2,M_2,M_2,M_3,M_3,M_3,M_3,M_3,M_3,M_3,M_3
1,16,6,2,6,1,3,M_2,M_0,M_0,M_0,M_0,M_0,M_0,M_0,M_1,M_0,M_1,M_1,M_1,M_1,M_1,M_1,M_2,M_2,M_2,M_2,M_2,M_1,M_2,M_2,M_3,M_3,M_3,M_3,M_3,M_3,M_3,M_3
1,17,7,0,6,0,3,M_2,M_0,M_0,M_0,M_0,M_0,M_0,M_0,M_1,M_0,M_1,M_1,M_1,M_1,M_1,M_1,M_2,M_2,M_2,M_2,M_2,M_1,M_2,M_2,M_3,M_3,M_3,M_3,M_3,M_3,M_3,M_3
1,18,8,0,6,0,3,M_2,M_0,M_0,M_0,M_0,M_0,M_0,M_0,M_1,M_0,M_1,M_1,M_1,M_1,M_1,M_1,M_2,M_2,M_2,M_2,M_2,M_1,M_2,M_2,M_3,M_3,M_3,M_3,M_3,M_3,M_3,M_3
1,19,9,0,6,0,3,M_2,M_0,M_0,M_0,M_0,M_0,M_0,M_0,M_1,M_0,M_1,M_1,M_1,M_1,M_1,M_1,M_2,M_2,M_2,M_2,M_2,M_1,M_2,M_2,M_3,M_3,M_3,M_3,M_3,M_3,M_3,M_3
1,20,10,0,6,0,3,M_2,M_0,M_0,M_0,M_0,M_0,M_0,M_0,M_1,M_0,M_1,M_1,M_1,M_1,M_1,M_1,M_2,M_2,M_2,M_2,M_2,M_1,M_2,M_2,M_3,M_3,M_3,M_3,M_3,M_3,M_3,M_3
2,20,0,0,6,0,3,M_2,M_0,M_0,M_0,M_0,M_0,M_0,M_0,M_1,M_0,M_1,M_1,M_1,M_1,M_1,M_1,M_2,M_2,M_2,M_2,M_2,M_1,M_2,M_2,M_3,M_3,M_3,M_3,M_3,M_3,M_3,M_3
2,21,1,2,8,1,4,M_2,M_0,M_0,M_0,M_0,M_0,M_0,M_0,M_1,M_0,M_1,M_1,M_1,M_1,M_1,M_1,M_2,M_2,M_2,M_2,M_1,M_2,M_2,M_2,M_3,M_3,M_3,M_3,M_3,M_3,M_3,M_3
2,22,2,0,8,0,4,M_2,M_0,M_0,M_0,M_0,M_0,M_0,M_0,M_1,M_0,M_1,M_1,M_1,M_1,M_1,M_1,M_2,M_2,M_2,M_2,M_1,M_2,M_2,M_2,M_3,M_3,M_3,M_3,M_3,M_3,M_3,M_3
2,23,3,0,8,0,4,M_2,M_0,M_0,M_0,M_0,M_0,M_0,M_0,M_1,M_0,M_1,M_1,M_1,M_1,M_1,M_1,M_2,M_2,M_2,M_2,M_1,M_2,M_2,M_2,M_3,M_3,M_3,M_3,M_3,M_3,M_3,M_3
2,24,4,2,10,1,5,M_3,M_0,M_0,M_0,M_0,M_0,M_0,M_0,M_1,M_0,M_1,M_1,M_1,M_1,M_1,M_1,M_2,M_2,M_2,M_2,M_1,M_2,M_2,M_2,M_3,M_3,M_3,M_3,M_3,M_3,M_3,M_2
2,25,5,0,10,0,5,M_3,M_0,M_0,M_0,M_0,M_0,M_0,M_0,M_1,M_0,M_1,M_1,M_1,M_1,M_1,M_1,M_2,M_2,M_2,M_2,M_1,M_2,M_2,M_2,M_3,M_3,M_3,M_3,M_3,M_3,M_3,M_2
2,26,6,0,10,0,5,M_3,M_0,M_0,M_0,M_0,M_0,M_0,M_0,M_1,M_0,M_1,M_1,M_1,M_1,M_1,M_1,M_2,M_2,M_2,M_2,M_1,M_2,M_2,M_2,M_3,M_3,M_3,M_3,M_3,M_3,M_3,M_2
2,27,7,0,10,0,5,M_3,M_0,M_0,M_0,M_0,M_0,M_0,M_0,M_1,M_0,M_1,M_1,M_1,M_1,M_1,M_1,M_2,M_2,M_2,M_2,M_1,M_2,M_2,M_2,M_3,M_3,M_3,M_3,M_3,M_3,M_3,M_2
2,28,8,0,10,0,5,M_3,M_0,M_0,M_0,M_0,M_0,M_0,M_0,M_1,M_0,M_1,M_1,M_1,M_1,M_1,M_1,M_2,M_2,M_2,M_2,M_1,M_2,M_2,M_2,M_3,M_3,M_3,M_3,M_3,M_3,M_3,M_2
2,29,9,0,10,0,5,M_3,M_0,M_0,M_0,M_0,M_0,M_0,M_0,M_1,M_0,M_1,M_1,M_1,M_1,M_1,M_1,M_2,M_2,M_2,M_2,M_1,M_2,M_2,M_2,M_3,M_3,M_3,M_3,M_3,M_3,M_3,M_2
2,30,10,0,10,0,5,M_3,M_0,M_0,M_0,M_0,M_0,M_0,M_0,M_1,M_0,M_1,M_1,M_1,M_1,M_1,M_1,M_2,M_2,M_2,M_2,M_1,M_2,M_2,M_2,M_3,M_3,M_3,M_3,M_3,M_3,M_3,M_2
3,30,0,0,10,0,5,M_3,M_0,M_0,M_0,M_0,M_0,M_0,M_0,M_1,M_0,M_1,M_1,M_1,M_1,M_1,M_1,M_2,M_2,M_2,M_2,M_1,M_2,M_2,M_2,M_3,M_3,M_3,M_3,M_3,M_3,M_3,M_2
3,31,1,4,14,0,9,M_3,M_0,M_0,M_0,M_0,M_0,M_0,M_0,M_1,M_1,M_1,M_1,M_1,M_1,M_1,M_1,M_2,M_2,M_2,M_2,M_2,M_2,M_2,M_2,M_3,M_3,M_3,M_3,M_3,M_3,M_0,M_3
3,32,2,0,14,0,9,M_3,M_0,M_0,M_0,M_0,M_0,M_0,M_0,M_1,M_1,M_1,M_1,M_1,M_1,M_1,M_1,M_2,M_2,M_2,M_2,M_2,M_2,M_2,M_2,M_3,M_3,M_3,M_3,M_3,M_3,M_0,M_3
3,33,3,0,14,0,9,M_3,M_0,M_0,M_0,M_0,M_0,M_0,M_0,M_1,M_1,M_1,M_1,M_1,M_1,M_1,M_1,M_2,M_2,M_2,M_2,M_2,M_2,M_2,M_2,M_3,M_3,M_3,M_3,M_3,M_3,M_0,M_3
3,34,4,0,14,0,9,M_3,M_0,M_0,M_0,M_0,M_0,M_0,M_0,M_1,M_1,M_1,M_1,M_1,M_1,M_1,M_1,M_2,M_2,M_2,M_2,M_2,M_2,M_2,M_2,M_3,M_3,M_3,M_3,M_3,M_3,M_0,M_3
3,35,5,0,14,0,9,M_3,M_0,M_0,M_0,M_0,M_0,M_0,M_0,M_1,M_1,M_1,M_1,M_1,M_1,M_1,M_1,M_2,M_2,M_2,M_2,M_2,M_2,M_2,M_2,M_3,M_3,M_3,M_3,M_3,M_3,M_0,M_3
3,36,6,0,14,0,9,M_3,M_0,M_0,M_0,M_0,M_0,M_0,M_0,M_1,M_1,M_1,M_1,M_1,M_1,M_1,M_1,M_2,M_2,M_2,M_2,M_2,M_2,M_2,M_2,M_3,M_3,M_3,M_3,M_3,M_3,M_0,M_3
3,37,7,2,16,1,10,M_3,M_1,M_0,M_0,M_0,M_0,M_0,M_0,M_1,M_1,M_1,M_1,M_1,M_1,M_1,M_0,M_2,M_2,M_2,M_2,M_2,M_2,M_2,M_2,M_3,M_3,M_3,M_3,M_3,M_3,M_0,M_3
3,38,8,0,16,0,10,M_3,M_1,M_0,M_0,M_0,M_0,M_0,M_0,M_1,M_1,M_1,M_1,M_1,M_1,M_1,M_0,M_2,M_2,M_2,M_2,M_2,M_2,M_2,M_2,M_3,M_3,M_3,M_3,M_3,M_3,M_0,M_3
3,39,9,0,16,0,10,M_3,M_1,M_0,M_0,M_0,M_0,M_0,M_0,M_1,M_1,M_1,M_1,M_1,M_1,M_1,M_0,M_2,M_2,M_2,M_2,M_2,M_2,M_2,M_2,M_3,M_3,M_3,M_3,M_3,M_3,M_0,M_3
3,40,10,0,16,0,10,M_3,M_1,M_0,M_0,M_0,M_0,M_0,M_0,M_1,M_1,M_1,M_1,M_1,M_1,M_1,M_0,M_2,M_2,M_2,M_2,M_2,M_2,M_2,M_2,M_3,M_3,M_3,M_3,M_3,M_3,M_0,M_3
4,40,0,0,16,0,10,M_3,M_1,M_0,M_0,M_0,M_0,M_0,M_0,M_1,M_1,M_1,M_1,M_1,M_1,M_1,M_0,M_2,M_2,M_2,M_2,M_2,M_2,M_2,M_2,M_3,M_3,M_3,M_3,M_3,M_3,M_0,M_3
4,41,1,0,16,0,10,M_3,M_1,M_0,M_0,M_0,M_0,M_0,M_0,M_1,M_1,M_1,M_1,M_1,M_1,M_1,M_0,M_2,M_2,M_2,M_2,M_2,M_2,M_2,M_2,M_3,M_3,M_3,M_3,M_3,M_3,M_0,M_3
4,42,2,0,16,0,10,M_3,M_1,M_0,M_0,M_0,M_0,M_0,M_0,M_1,M_1,M_1,M_1,M_1,M_1,M_1,M_0,M_2,M_2,M_2,M_2,M_2,M_2,M_2,M_2,M_3,M_3,M_3,M_3,M_3,M_3,M_0,M_3
4,43,3,0,16,0,10,M_3,M_1,M_0,M_0,M_0,M_0,M_0,M_0,M_1,M_1,M_1,M_1,M_1,M_1,M_1,M_0,M_2,M_2,M_2,M_2,M_2,M_2,M_2,M_2,M_3,M_3,M_3,M_3,M_3,M_3,M_0,M_3
4,44,4,2,18,1,11,M_3,M_1,M_0,M_0,M_0,M_0,M_0,M_0,M_1,M_0,M_1,M_1,M_1,M_1,M_1,M_1,M_2,M_2,M_2,M_2,M_2,M_2,M_2,M_2,M_3,M_3,M_3,M_3,M_3,M_3,M_0,M_3
4,45,5,2,20,1,12,M_3,M_2,M_0,M_0,M_0,M_0,M_0,M_0,M_1,M_0,M_1,M_1,M_1,M_1,M_1,M_1,M_2,M_2,M_2,M_2,M_2,M_2,M_2,M_1,M_3,M_3,M_3,M_3,M_3,M_3,M_0,M_3
4,46,6,0,20,0,12,M_3,M_2,M_0,M_0,M_0,M_0,M_0,M_0,M_1,M_0,M_1,M_1,M_1,M_1,M_1,M_1,M_2,M_2,M_2,M_2,M_2,M_2,M_2,M_1,M_3,M_3,M_3,M_3,M_3,M_3,M_0,M_3
4,47,7,0,20,0,12,M_3,M_2,M_0,M_0,M_0,M_0,M_0,M_0,M_1,M_0,M_1,M_1,M_1,M_1,M_1,M_1,M_2,M_2,M_2,M_2,M_2,M_2,M_2,M_1,M_3,M_3,M_3,M_3,M_3,M_3,M_0,M_3
4,48,8,0,20,0,12,M_3,M_2,M_0,M_0,M_0,M_0,M_0,M_0,M_1,M_0,M_1,M_1,M_1,M_1,M_1,M_1,M_2,M_2,M_2,M_2,M_2,M_2,M_2,M_1,M_3,M_3,M_3,M_3,M_3,M_3,M_0,M_3
4,49,9,0,20,0,12,M_3,M_2,M_0,M_0,M_0,M_0,M_0,M_0,M_1,M_0,M_1,M_1,M_1,M_1,M_1,M_1,M_2,M_2,M_2,M_2,M_2,M_2,M_2,M_1,M_3,M_3,M_3,M_3,M_3,M_3,M_0,M_3
4,50,10,0,20,0,12,M_3,M_2,M_0,M_0,M_0,M_0,M_0,M_0,M_1,M_0,M_1,M_1,M_1,M_1,M_1,M_1,M_2,M_2,M_2,M_2,M_2,M_2,M_2,M_1,M_3,M_3,M_3,M_3,M_3,M_3,M_0,M_3
5,50,0,0,20,0,12,M_3,M_2,M_0,M_0,M_0,M_0,M_0,M_0,M_1,M_0,M_1,M_1,M_1,M_1,M_1,M_1,M_2,M_2,M_2,M_2,M_2,M_2,M_2,M_1,M_3,M_3,M_3,M_3,M_3,M_3,M_0,M_3
5,51,1,0,20,0,12,M_3,M_2,M_0,M_0,M_0,M_0,M_0,M_0,M_1,M_0,M_1,M_1,M_1,M_1,M_1,M_1,M_2,M_2,M_2,M_2,M_2,M_2,M_2,M_1,M_3,M_3,M_3,M_3,M_3,M_3,M_0,M_3
5,52,2,2,22,1,13,M_3,M_1,M_0,M_0,M_0,M_0,M_0,M_0,M_1,M_0,M_1,M_1,M_1,M_1,M_2,M_1,M_2,M_2,M_2,M_2,M_2,M_2,M_2,M_1,M_3,M_3,M_3,M_3,M_3,M_3,M_0,M_3
5,53,3,2,24,1,14,M_1,M_3,M_0,M_0,M_0,M_0,M_0,M_0,M_1,M_0,M_1,M_1,M_1,M_1,M_2,M_1,M_2,M_2,M_2,M_2,M_2,M_2,M_2,M_1,M_3,M_3,M_3,M_3,M_3,M_3,M_0,M_3
5,54,4,0,24,0,14,M_1,M_3,M_0,M_0,M_0,M_0,M_0,M_0,M_1,M_0,M_1,M_1,M_1,M_1,M_2,M_1,M_2,M_2,M_2,M_2,M_2,M_2,M_2,M_1,M_3,M_3,M_3,M_3,M_3,M_3,M_0,M_3
5,55,5,0,24,0,14,M_1,M_3,M_0,M_0,M_0,M_0,M_0,M_0,M_1,M_0,M_1,M_1,M_1,M_1,M_2,M_1,M_2,M_2,M_2,M_2,M_2,M_2,M_2,M_1,M_3,M_3,M_3,M_3,M_3,M_3,M_0,M_3
5,56,6,0,24,0,14,M_1,M_3,M_0,M_0,M_0,M_0,M_0,M_0,M_1,M_0,M_1,M_1,M_1,M_1,M_2,M_1,M_2,M_2,M_2,M_2,M_2,M_2,M_2,M_1,M_3,M_3,M_3,M_3,M_3,M_3,M_0,M_3
5,57,7,0,24,0,14,M_1,M_3,M_0,M_0,M_0,M_0,M_0,M_0,M_1,M_0,M_1,M_1,M_1,M_1,M_2,M_1,M_2,M_2,M_2,M_2,M_2,M_2,M_2,M_1,M_3,M_3,M_3,M_3,M_3,M_3,M_0,M_3
5,58,8,2,26,1,15,M_1,M_3,M_0,M_0,M_0,M_0,M_0,M_0,M_1,M_0,M_1,M_1,M_1,M_1,M_2,M_1,M_2,M_2,M_2,M_2,M_2,M_2,M_2,M_1,M_0,M_3,M_3,M_3,M_3,M_3,M_3,M_3
5,59,9,0,26,0,15,M_1,M_3,M_0,M_0,M_0,M_0,M_0,M_0,M_1,M_0,M_1,M_1,M_1,M_1,M_2,M_1,M_2,M_2,M_2,M_2,M_2,M_2,M_2,M_1,M_0,M_3,M_3,M_3,M_3,M_3,M_3,M_3
5,60,10,0,26,0,15,M_1,M_3,M_0,M_0,M_0,M_0,M_0,M_0,M_1,M_0,M_1,M_1,M_1,M_1,M_2,M_1,M_2,M_2,M_2,M_2,M_2,M_2,M_2,M_1,M_0,M_3,M_3,M_3,M_3,M_3,M_3,M_3
6,60,0,0,26,0,15,M_1,M_3,M_0,M_0,M_0,M_0,M_0,M_0,M_1,M_0,M_1,M_1,M_1,M_1,M_2,M_1,M_2,M_2,M_2,M_2,M_2,M_2,M_2,M_1,M_0,M_3,M_3,M_3,M_3,M_3,M_3,M_3
6,61,1,0,26,0,15,M_1,M_3,M_0,M_0,M_0,M_0,M_0,M_0,M_1,M_0,M_1,M_1,M_1,M_1,M_2,M_1,M_2,M_2,M_2,M_2,M_2,M_2,M_2,M_1,M_0,M_3,M_3,M_3,M_3,M_3,M_3,M_3
6,62,2,0,26,0,15,M_1,M_3,M_0,M_0,M_0,M_0,M_0,M_0,M_1,M_0,M_1,M_1,M_1,M_1,M_2,M_1,M_2,M_2,M_2,M_2,M_2,M_2,M_2,M_1,M_0,M_3,M_3,M_3,M_3,M_3,M_3,M_3
6,63,3,0,26,0,15,M_1,M_3,M_0,M_0,M_0,M_0,M_0,M_0,M_1,M_0,M_1,M_1,M_1,M_1,M_2,M_1,M_2,M_2,M_2,M_2,M_2,M_2,M_2,M_1,M_0,M_3,M_3,M_3,M_3,M_3,M_3,M_3
6,64,4,0,26,0,15,M_1,M_3,M_0,M_0,M_0,M_0,M_0,M_0,M_1,M_0,M_1,M_1,M_1,M_1,M_2,M_1,M_2,M_2,M_2,M_2,M_2,M_2,M_2,M_1,M_0,M_3,M_3,M_3,M_3,M_3,M_3,M_3
6,65,5,2,28,1,16,M_1,M_3,M_1,M_0,M_0,M_0,M_0,M_0,M_1,M_0,M_1,M_1,M_1,M_1,M_2,M_0,M_2,M_2,M_2,M_2,M_2,M_2,M_2,M_1,M_0,M_3,M_3,M_3,M_3,M_3,M_3,M_3
6,66,6,2,30,1,17,M_0,M_3,M_1,M_0,M_0,M_0,M_0,M_0,M_1,M_1,M_1,M_1,M_1,M_1,M_2,M_0,M_2,M_2,M_2,M_2,M_2,M_2,M_2,M_1,M_0,M_3,M_3,M_3,M_3,M_3,M_3,M_3
6,67,7,0,30,0,17,M_0,M_3,M_1,M_0,M_0,M_0,M_0,M_0,M_1,M_1,M_1,M_1,M_1,M_1,M_2,M_0,M_2,M_2,M_2,M_2,M_2,M_2,M_2,M_1,M_0,M_3,M_3,M_3,M_3,M_3,M_3,M_3
6,68,8,0,30,0,17,M_0,M_3,M_1,M_0,M_0,M_0,M_0,M_0,M_1,M_1,M_1,M_1,M_1,M_1,M_2,M_0,M_2,M_2,M_2,M_2,M_2,M_2,M_2,M_1,M_0,M_3,M_3,M_3,M_3,M_3,M_3,M_3
6,69,9,0,30,0,17,M_0,M_3,M_1,M_0,M_0,M_0,M_0,M_0,M_1,M_1,M_1,M_1,M_1,M_1,M_2,M_0,M_2,M_2,M_2,M_2,M_2,M_2,M_2,M_1,M_0,M_3,M_3,M_3,M_3,M_3,M_3,M_3
6,70,10,0,30,0,17,M_0,M_3,M_1,M_0,M_0,M_0,M_0,M_0,M_1,M_1,M_1,M_1,M_1,M_1,M_2,M_0,M_2,M_2,M_2,M_2,M_2,M_2,M_2,M_1,M_0,M_3,M_3,M_3,M_3,M_3,M_3,M_3
7,70,0,0,30,0,17,M_0,M_3,M_1,M_0,M_0,M_0,M_0,M_0,M_1,M_1,M_1,M_1,M_1,M_1,M_2,M_0,M_2,M_2,M_2,M_2,M_2,M_2,M_2,M_1,M_0,M_3,M_3,M_3,M_3,M_3,M_3,M_3
7,71,1,2,32,1,18,M_0,M_3,M_2,M_0,M_0,M_0,M_0,M_0,M_1,M_1,M_1,M_1,M_1,M_1,M_2,M_0,M_2,M_2,M_2,M_2,M_2,M_2,M_1,M_1,M_0,M_3,M_3,M_3,M_3,M_3,M_3,M_3
7,72,2,2,34,1,19,M_0,M_3,M_2,M_0,M_0,M_0,M_0,M_0,M_1,M_1,M_1,M_1,M_1,M_1,M_0,M_2,M_2,M_2,M_2,M_2,M_2,M_2,M_1,M_1,M_0,M_3,M_3,M_3,M_3,M_3,M_3,M_3
7,73,3,0,34,0,19,M_0,M_3,M_2,M_0,M_0,M_0,M_0,M_0,M_1,M_1,M_1,M_1,M_1,M_1,M_0,M_2,M_2,M_2,M_2,M_2,M_2,M_2,M_1,M_1,M_0,M_3,M_3,M_3,M_3,M_3,M_3,M_3
7,74,4,0,34,0,19,M_0,M_3,M_2,M_0,M_0,M_0,M_0,M_0,M_1,M_1,M_1,M_1,M_1,M_1,M_0,M_2,M_2,M_2,M_2,M_2,M_2,M_2,M_1,M_1,M_0,M_3,M_3,M_3,M_3,M_3,M_3,M_3
7,75,5,0,34,0,19,M_0,M_3,M_2,M_0,M_0,M_0,M_0,M_0,M_1,M_1,M_1,M_1,M_1,M_1,M_0,M_2,M_2,M_2,M_2,M_2,M_2,M_2,M_1,M_1,M_0,M_3,M_3,M_3,M_3,M_3,M_3,M_3
7,76,6,0,34,0,19,M_0,M_3,M_2,M_0,M_0,M_0,M_0,M_0,M_1,M_1,M_1,M_1,M_1,M_1,M_0,M_2,M_2,M_2,M_2,M_2,M_2,M_2,M_1,M_1,M_0,M_3,M_3,M_3,M_3,M_3,M_3,M_3
7,77,7,0,34,0,19,M_0,M_3,M_2,M_0,M_0,M_0,M_0,M_0,M_1,M_1,M_1,M_1,M_1,M_1,M_0,M_2,M_2,M_2,M_2,M_2,M_2,M_2,M_1,M_1,M_0,M_3,M_3,M_3,M_3,M_3,M_3,M_3
7,78,8,0,34,0,19,M_0,M_3,M_2,M_0,M_0,M_0,M_0,M_0,M_1,M_1,M_1,M_1,M_1,M_1,M_0,M_2,M_2,M_2,M_2,M_2,M_2,M_2,M_1,M_1,M_0,M_3,M_3,M_3,M_3,M_3,M_3,M_3
7,79,9,2,36,1,20,M_0,M_3,M_1,M_0,M_0,M_0,M_0,M_0,M_1,M_1,M_1,M_1,M_1,M_2,M_0,M_2,M_2,M_2,M_2,M_2,M_2,M_2,M_1,M_1,M_0,M_3,M_3,M_3,M_3,M_3,M_3,M_3
7,80,10,0,36,0,20,M_0,M_3,M_1,M_0,M_0,M_0,M_0,M_0,M_1,M_1,M_1,M_1,M_1,M_2,M_0,M_2,M_2,M_2,M_2,M_2,M_2,M_2,M_1,M_1,M_0,M_3,M_3,M_3,M_3,M_3,M_3,M_3
8,80,0,0,36,0,20,M_0,M_3,M_1,M_0,M_0,M_0,M_0,M_0,M_1,M_1,M_1,M_1,M_1,M_2,M_0,M_2,M_2,M_2,M_2,M_2,M_2,M_2,M_1,M_1,M_0,M_3,M_3,M_3,M_3,M_3,M_3,M_3
8,81,1,2,38,1,21,M_1,M_3,M_0,M_0,M_0,M_0,M_0,M_0,M_1,M_1,M_1,M_1,M_1,M_2,M_0,M_2,M_2,M_2,M_2,M_2,M_2,M_2,M_1,M_1,M_0,M_3,M_3,M_3,M_3,M_3,M_3,M_3
8,82,2,2,40,1,22,M_1,M_0,M_3,M_0,M_0,M_0,M_0,M_0,M_1,M_1,M_1,M_1,M_1,M_2,M_0,M_2,M_2,M_2,M_2,M_2,M_2,M_2,M_1,M_1,M_0,M_3,M_3,M_3,M_3,M_3,M_3,M_3
8,83,3,0,40,0,22,M_1,M_0,M_3,M_0,M_0,M_0,M_0,M_0,M_1,M_1,M_1,M_1,M_1,M_2,M_0,M_2,M_2,M_2,M_2,M_2,M_2,M_2,M_1,M_1,M_0,M_3,M_3,M_3,M_3,M_3,M_3,M_3
8,84,4,0,40,0,22,M_1,M_0,M_3,M_0,M_0,M_0,M_0,M_0,M_1,M_1,M_1,M_1,M_1,M_2,M_0,M_2,M_2,M_2,M_2,M_2,M_2,M_2,M_1,M_1,M_0,M_3,M_3,M_3,M_3,M_3,M_3,M_3
8,85,5,0,40,0,22,M_1,M_0,M_3,M_0,M_0,M_0,M_0,M_0,M_1,M_1,M_1,M_1,M_1,M_2,M_0,M_2,M_2,M_2,M_2,M_2,M_2,M_2,M_1,M_1,M_0,M_3,M_3,M_3,M_3,M_3,M_3,M_3
8,86,6,0,40,0,22,M_1,M_0,M_3,M_0,M_0,M_0,M_0,M_0,M_1,M_1,M_1,M_1,M_1,M_2,M_0,M_2,M_2,M_2,M_2,M_2,M_2,M_2,M_1,M_1,M_0,M_3,M_3,M_3,M_3,M_3,M_3,M_3
8,87,7,0,40,0,22,M_1,M_0,M_3,M_0,M_0,M_0,M_0,M_0,M_1,M_1,M_1,M_1,M_1,M_2,M_0,M_2,M_2,M_2,M_2,M_2,M_2,M_2,M_1,M_1,M_0,M_3,M_3,M_3,M_3,M_3,M_3,M_3
8,88,8,0,40,0,22,M_1,M_0,M_3,M_0,M_0,M_0,M_0,M_0,M_1,M_1,M_1,M_1,M_1,M_2,M_0,M_2,M_2,M_2,M_2,M_2,M_2,M_2,M_1,M_1,M_0,M_3,M_3,M_3,M_3,M_3,M_3,M_3
8,89,9,0,40,0,22,M_1,M_0,M_3,M_0,M_0,M_0,M_0,M_0,M_1,M_1,M_1,M_1,M_1,M_2,M_0,M_2,M_2,M_2,M_2,M_2,M_2,M_2,M_1,M_1,M_0,M_3,M_3,M_3,M_3,M_3,M_3,M_3
8,90,10,0,40,0,22,M_1,M_0,M_3,M_0,M_0,M_0,M_0,M_0,M_1,M_1,M_1,M_1,M_1,M_2,M_0,M_2,M_2,M_2,M_2,M_2,M_2,M_2,M_1,M_1,M_0,M_3,M_3,M_3,M_3,M_3,M_3,M_3
9,90,0,0,40,0,22,M_1,M_0,M_3,M_0,M_0,M_0,M_0,M_0,M_1,M_1,M_1,M_1,M_1,M_2,M_0,M_2,M_2,M_2,M_2,M_2,M_2,M_2,M_1,M_1,M_0,M_3,M_3,M_3,M_3,M_3,M_3,M_3
9,91,1,0,40,0,22,M_1,M_0,M_3,M_0,M_0,M_0,M_0,M_0,M_1,M_1,M_1,M_1,M_1,M_2,M_0,M_2,M_2,M_2,M_2,M_2,M_2,M_2,M_1,M_1,M_0,M_3,M_3,M_3,M_3,M_3,M_3,M_3
9,92,2,2,42,1,23,M_1,M_0,M_3,M_1,M_0,M_0,M_0,M_0,M_1,M_1,M_1,M_1,M_1,M_2,M_0,M_2,M_2,M_2,M_2,M_2,M_2,M_2,M_0,M_1,M_0,M_3,M_3,M_3,M_3,M_3,M_3,M_3
9,93,3,0,42,0,23,M_1,M_0,M_3,M_1,M_0,M_0,M_0,M_0,M_1,M_1,M_1,M_1,M_1,M_2,M_0,M_2,M_2,M_2,M_2,M_2,M_2,M_2,M_0,M_1,M_0,M_3,M_3,M_3,M_3,M_3,M_3,M_3
9,94,4,0,42,0,23,M_1,M_0,M_3,M_1,M_0,M_0,M_0,M_0,M_1,M_1,M_1,M_1,M_1,M_2,M_0,M_2,M_2,M_2,M_2,M_2,M_2,M_2,M_0,M_1,M_0,M_3,M_3,M_3,M_3,M_3,M_3,M_3
9,95,5,2,44,1,24,M_1,M_0,M_3,M_1,M_0,M_0,M_0,M_0,M_1,M_1,M_1,M_1,M_1,M_2,M_2,M_2,M_2,M_2,M_2,M_0,M_2,M_2,M_0,M_1,M_0,M_3,M_3,M_3,M_3,M_3,M_3,M_3
9,96,6,0,44,0,24,M_1,M_0,M_3,M_1,M_0,M_0,M_0,M_0,M_1,M_1,M_1,M_1,M_1,M_2,M_2,M_2,M_2,M_2,M_2,M_0,M_2,M_2,M_0,M_1,M_0,M_3,M_3,M_3,M_3,M_3,M_3,M_3
9,97,7,2,46,1,25,M_1,M_0,M_3,M_2,M_0,M_0,M_0,M_0,M_1,M_1,M_1,M_1,M_1,M_2,M_2,M_2,M_2,M_1,M_2,M_0,M_2,M_2,M_0,M_1,M_0,M_3,M_3,M_3,M_3,M_3,M_3,M_3
9,98,8,0,46,0,25,M_1,M_0,M_3,M_2,M_0,M_0,M_0,M_0,M_1,M_1,M_1,M_1,M_1,M_2,M_2,M_2,M_2,M_1,M_2,M_0,M_2,M_2,M_0,M_1,M_0,M_3,M_3,M_3,M_3,M_3,M_3,M_3
9,99,9,0,46,0,25,M_1,M_0,M_3,M_2,M_0,M_0,M_0,M_0,M_1,M_1,M_1,M_1,M_1,M_2,M_2,M_2,M_2,M_1,M_2,M_0,M_2,M_2,M_0,M_1,M_0,M_3,M_3,M_3,M_3,M_3,M_3,M_3
9,100,10,0,46,0,25,M_1,M_0,M_3,M_2,M_0,M_0,M_0,M_0,M_1,M_1,M_1,M_1,M_1,M_2,M_2,M_2,M_2,M_1,M_2,M_0,M_2,M_2,M_0,M_1,M_0,M_3,M_3,M_3,M_3,M_3,M_3,M_3
10,100,0,0,46,0,25,M_1,M_0,M_3,M_2,M_0,M_0,M_0,M_0,M_1,M_1,M_1,M_1,M_1,M_2,M_2,M_2,M_2,M_1,M_2,M_0,M_2,M_2,M_0,M_1,M_0,M_3,M_3,M_3,M_3,M_3,M_3,M_3
10,101,1,2,48,1,26,M_1,M_0,M_3,M_2,M_0,M_0,M_0,M_0,M_1,M_1,M_1,M_1,M_1,M_2,M_1,M_2,M_2,M_2,M_2,M_0,M_2,M_2,M_0,M_1,M_0,M_3,M_3,M_3,M_3,M_3,M_3,M_3
10,102,2,3,51,0,29,M_1,M_0,M_3,M_2,M_0,M_0,M_0,M_0,M_1,M_1,M_1,M_1,M_1,M_2,M_1,M_2,M_1,M_2,M_2,M_2,M_2,M_2,M_0,M_0,M_0,M_3,M_3,M_3,M_3,M_3,M_3,M_3
10,103,3,0,51,0,29,M_1,M_0,M_3,M_2,M_0,M_0,M_0,M_0,M_1,M_1,M_1,M_1,M_1,M_2,M_1,M_2,M_1,M_2,M_2,M_2,M_2,M_2,M_0,M_0,M_0,M_3,M_3,M_3,M_3,M_3,M_3,M_3
10,104,4,0,51,0,29,M_1,M_0,M_3,M_2,M_0,M_0,M_0,M_0,M_1,M_1,M_1,M_1,M_1,M_2,M_1,M_2,M_1,M_2,M_2,M_2,M_2,M_2,M_0,M_0,M_0,M_3,M_3,M_3,M_3,M_3,M_3,M_3
10,105,5,0,51,0,29,M_1,M_0,M_3,M_2,M_0,M_0,M_0,M_0,M_1,M_1,M_1,M_1,M_1,M_2,M_1,M_2,M_1,M_2,M_2,M_2,M_2,M_2,M_0,M_0,M_0,M_3,M_3,M_3,M_3,M_3,M_3,M_3
10,106,6,2,53,1,30,M_1,M_0,M_3,M_0,M_2,M_0,M_0,M_0,M_1,M_1,M_1,M_1,M_1,M_2,M_1,M_2,M_1,M_2,M_2,M_2,M_2,M_2,M_0,M_0,M_0,M_3,M_3,M_3,M_3,M_3,M_3,M_3
10,107,7,0,53,0,30,M_1,M_0,M_3,M_0,M_2,M_0,M_0,M_0,M_1,M_1,M_1,M_1,M_1,M_2,M_1,M_2,M_1,M_2,M_2,M_2,M_2,M_2,M_0,M_0,M_0,M_3,M_3,M_3,M_3,M_3,M_3,M_3
10,108,8,0,53,0,30,M_1,M_0,M_3,M_0,M_2,M_0,M_0,M_0,M_1,M_1,M_1,M_1,M_1,M_2,M_1,M_2,M_1,M_2,M_2,M_2,M_2,M_2,M_0,M_0,M_0,M_3,M_3,M_3,M_3,M_3,M_3,M_3
10,109,9,2,55,1,31,M_1,M_0,M_3,M_3,M_2,M_0,M_0,M_0,M_1,M_1,M_1,M_1,M_1,M_2,M_1,M_2,M_1,M_2,M_2,M_2,M_2,M_2,M_0,M_0,M_0,M_3,M_3,M_3,M_3,M_3,M_0,M_3
10,110,10,0,55,0,31,M_1,M_0,M_3,M_3,M_2,M_0,M_0,M_0,M_1,M_1,M_1,M_1,M_1,M_2,M_1,M_2,M_1,M_2,M_2,M_2,M_2,M_2,M_0,M_0,M_0,M_3,M_3,M_3,M_3,M_3,M_0,M_3
11,110,0,0,55,0,31,M_1,M_0,M_3,M_3,M_2,M_0,M_0,M_0,M_1,M_1,M_1,M_1,M_1,M_2,M_1,M_2,M_1,M_2,M_2,M_2,M_2,M_2,M_0,M_0,M_0,M_3,M_3,M_3,M_3,M_3,M_0,M_3
11,111,1,0,55,0,31,M_1,M_0,M_3,M_3,M_2,M_0,M_0,M_0,M_1,M_1,M_1,M_1,M_1,M_2,M_1,M_2,M_1,M_2,M_2,M_2,M_2,M_2,M_0,M_0,M_0,M_3,M_3,M_3,M_3,M_3,M_0,M_3
11,112,2,0,55,0,31,M_1,M_0,M_3,M_3,M_2,M_0,M_0,M_0,M_1,M_1,M_1,M_1,M_1,M_2,M_1,M_2,M_1,M_2,M_2,M_2,M_2,M_2,M_0,M_0,M_0,M_3,M_3,M_3,M_3,M_3,M_0,M_3
11,113,3,0,55,0,31,M_1,M_0,M_3,M_3,M_2,M_0,M_0,M_0,M_1,M_1,M_1,M_1,M_1,M_2,M_1,M_2,M_1,M_2,M_2,M_2,M_2,M_2,M_0,M_0,M_0,M_3,M_3,M_3,M_3,M_3,M_0,M_3
11,114,4,3,58,0,34,M_1,M_0,M_3,M_3,M_0,M_0,M_0,M_0,M_1,M_1,M_1,M_1,M_1,M_2,M_1,M_2,M_1,M_2,M_2,M_2,M_2,M_2,M_0,M_0,M_0,M_2,M_3,M_3,M_3,M_3,M_3,M_3
11,115,5,0,58,0,34,M_1,M_0,M_3,M_3,M_0,M_0,M_0,M_0,M_1,M_1,M_1,M_1,M_1,M_2,M_1,M_2,M_1,M_2,M_2,M_2,M_2,M_2,M_0,M_0,M_0,M_2,M_3,M_3,M_3,M_3,M_3,M_3
11,116,6,0,58,0,34,M_1,M_0,M_3,M_3,M_0,M_0,M_0,M_0,M_1,M_1,M_1,M_1,M_1,M_2,M_1,M_2,M_1,M_2,M_2,M_2,M_2,M_2,M_0,M_0,M_0,M_2,M_3,M_3,M_3,M_3,M_3,M_3
11,117,7,0,58,0,34,M_1,M_0,M_3,M_3,M_0,M_0,M_0,M_0,M_1,M_1,M_1,M_1,M_1,M_2,M_1,M_2,M_1,M_2,M_2,M_2,M_2,M_2,M_0,M_0,M_0,M_2,M_3,M_3,M_3,M_3,M_3,M_3
11,118,8,2,60,1,35,M_1,M_0,M_3,M_3,M_1,M_0,M_0,M_0,M_1,M_1,M_1,M_1,M_1,M_2,M_1,M_2,M_0,M_2,M_2,M_2,M_2,M_2,M_0,M_0,M_0,M_2,M_3,M_3,M_3,M_3,M_3,M_3
11,119,9,0,60,0,35,M_1,M_0,M_3,M_3,M_1,M_0,M_0,M_0,M_1,M_1,M_1,M_1,M_1,M_2,M_1,M_2,M_0,M_2,M_2,M_2,M_2,M_2,M_0,M_0,M_0,M_2,M_3,M_3,M_3,M_3,M_3,M_3
11,120,10,0,60,0,35,M_1,M_0,M_3,M_3,M_1,M_0,M_0,M_0,M_1,M_1,M_1,M_1,M_1,M_2,M_1,M_2,M_0,M_2,M_2,M_2,M_2,M_2,M_0,M_0,M_0,M_2,M_3,M_3,M_3,M_3,M_3,M_3
12,120,0,0,60,0,35,M_1,M_0,M_3,M_3,M_1,M_0,M_0,M_0,M_1,M_1,M_1,M_1,M_1,M_2,M_1,M_2,M_0,M_2,M_2,M_2,M_2,M_2,M_0,M_0,M_0,M_2,M_3,M_3,M_3,M_3,M_3,M_3
12,121,1,0,60,0,35,M_1,M_0,M_3,M_3,M_1,M_0,M_0,M_0,M_1,M_1,M_1,M_1,M_1,M_2,M_1,M_2,M_0,M_2,M_2,M_2,M_2,M_2,M_0,M_0,M_0,M_2,M_3,M_3,M_3,M_3,M_3,M_3
12,122,2,0,60,0,35,M_1,M_0,M_3,M_3,M_1,M_0,M_0,M_0,M_1,M_1,M_1,M_1,M_1,M_2,M_1,M_2,M_0,M_2,M_2,M_2,M_2,M_2,M_0,M_0,M_0,M_2,M_3,M_3,M_3,M_3,M_3,M_3
12,123,3,3,63,0,38,M_1,M_0,M_3,M_3,M_1,M_0,M_0,M_0,M_1,M_1,M_1,M_1,M_0,M_1,M_1,M_2,M_2,M_2,M_2,M_2,M_2,M_2,M_0,M_0,M_0,M_2,M_3,M_3,M_3,M_3,M_3,M_3
12,124,4,0,63,0,38,M_1,M_0,M_3,M_3,M_1,M_0,M_0,M_0,M_1,M_1,M_1,M_1,M_0,M_1,M_1,M_2,M_2,M_2,M_2,M_2,M_2,M_2,M_0,M_0,M_0,M_2,M_3,M_3,M_3,M_3,M_3,M_3
12,125,5,2,65,1,39,M_1,M_0,M_3,M_3,M_2,M_0,M_0,M_0,M_1,M_1,M_1,M_1,M_0,M_1,M_1,M_2,M_2,M_2,M_2,M_2,M_2,M_2,M_0,M_0,M_0,M_1,M_3,M_3,M_3,M_3,M_3,M_3
12,126,6,0,65,0,39,M_1,M_0,M_3,M_3,M_2,M_0,M_0,M_0,M_1,M_1,M_1,M_1,M_0,M_1,M_1,M_2,M_2,M_2,M_2,M_2,M_2,M_2,M_0,M_0,M_0,M_1,M_3,M_3,M_3,M_3,M_3,M_3
12,127,7,0,65,0,39,M_1,M_0,M_3,M_3,M_2,M_0,M_0,M_0,M_1,M_1,M_1,M_1,M_0,M_1,M_1,M_2,M_2,M_2,M_2,M_2,M_2,M_2,M_0,M_0,M_0,M_1,M_3,M_3,M_3,M_3,M_3,M_3
12,128,8,0,65,0,39,M_1,M_0,M_3,M_3,M_2,M_0,M_0,M_0,M_1,M_1,M_1,M_1,M_0,M_1,M_1,M_2,M_2,M_2,M_2,M_2,M_2,M_2,M_0,M_0,M_0,M_1,M_3,M_3,M_3,M_3,M_3,M_3
12,129,9,0,65,0,39,M_1,M_0,M_3,M_3,M_2,M_0,M_0,M_0,M_1,M_1,M_1,M_1,M_0,M_1,M_1,M_2,M_2,M_2,M_2,M_2,M_2,M_2,M_0,M_0,M_0,M_1,M_3,M_3,M_3,M_3,M_3,M_3
12,130,10,0,65,0,39,M_1,M_0,M_3,M_3,M_2,M_0,M_0,M_0,M_1,M_1,M_1,M_1,M_0,M_1,M_1,M_2,M_2,M_2,M_2,M_2,M_2,M_2,M_0,M_0,M_0,M_1,M_3,M_3,M_3,M_3,M_3,M_3
13,130,0,0,65,0,39,M_1,M_0,M_3,M_3,M_2,M_0,M_0,M_0,M_1,M_1,M_1,M_1,M_0,M_1,M_1,M_2,M_2,M_2,M_2,M_2,M_2,M_2,M_0,M_0,M_0,M_1,M_3,M_3,M_3,M_3,M_3,M_3
13,131,1,0,65,0,39,M_1,M_0,M_3,M_3,M_2,M_0,M_0,M_0,M_1,M_1,M_1,M_1,M_0,M_1,M_1,M_2,M_2,M_2,M_2,M_2,M_2,M_2,M_0,M_0,M_0,M_1,M_3,M_3,M_3,M_3,M_3,M_3
13,132,2,2,67,1,40,M_1,M_0,M_3,M_3,M_0,M_0,M_2,M_0,M_1,M_1,M_1,M_1,M_0,M_1,M_1,M_2,M_2,M_2,M_2,M_2,M_2,M_2,M_0,M_0,M_0,M_1,M_3,M_3,M_3,M_3,M_3,M_3
13,133,3,0,67,0,40,M_1,M_0,M_3,M_3,M_0,M_0,M_2,M_0,M_1,M_1,M_1,M_1,M_0,M_1,M_1,M_2,M_2,M_2,M_2,M_2,M_2,M_2,M_0,M_0,M_0,M_1,M_3,M_3,M_3,M_3,M_3,M_3
13,134,4,2,69,1,41,M_1,M_0,M_3,M_3,M_0,M_0,M_2,M_0,M_1,M_1,M_1,M_1,M_0,M_1,M_1,M_2,M_2,M_2,M_2,M_2,M_2,M_2,M_1,M_0,M_0,M_0,M_3,M_3,M_3,M_3,M_3,M_3
13,135,5,0,69,0,41,M_1,M_0,M_3,M_3,M_0,M_0,M_2,M_0,M_1,M_1,M_1,M_1,M_0,M_1,M_1,M_2,M_2,M_2,M_2,M_2,M_2,M_2,M_1,M_0,M_0,M_0,M_3,M_3,M_3,M_3,M_3,M_3
13,136,6,2,71,1,42,M_1,M_0,M_3,M_3,M_3,M_0,M_2,M_0,M_1,M_1,M_1,M_1,M_0,M_1,M_1,M_2,M_2,M_2,M_2,M_2,M_2,M_2,M_1,M_0,M_0,M_0,M_3,M_3,M_3,M_3,M_3,M_0
13,137,7,0,71,0,42,M_1,M_0,M_3,M_3,M_3,M_0,M_2,M_0,M_1,M_1,M_1,M_1,M_0,M_1,M_1,M_2,M_2,M_2,M_2,M_2,M_2,M_2,M_1,M_0,M_0,M_0,M_3,M_3,M_3,M_3,M_3,M_0
13,138,8,0,71,0,42,M_1,M_0,M_3,M_3,M_3,M_0,M_2,M_0,M_1,M_1,M_1,M_1,M_0,M_1,M_1,M_2,M_2,M_2,M_2,M_2,M_2,M_2,M_1,M_0,M_0,M_0,M_3,M_3,M_3,M_3,M_3,M_0
13,139,9,0,71,0,42,M_1,M_0,M_3,M_3,M_3,M_0,M_2,M_0,M_1,M_1,M_1,M_1,M_0,M_1,M_1,M_2,M_2,M_2,M_2,M_2,M_2,M_2,M_1,M_0,M_0,M_0,M_3,M_3,M_3,M_3,M_3,M_0
13,140,10,0,71,0,42,M_1,M_0,M_3,M_3,M_3,M_0,M_2,M_0,M_1,M_1,M_1,M_1,M_0,M_1,M_1,M_2,M_2,M_2,M_2,M_2,M_2,M_2,M_1,M_0,M_0,M_0,M_3,M_3,M_3,M_3,M_3,M_0
14,140,0,0,71,0,42,M_1,M_0,M_3,M_3,M_3,M_0,M_2,M_0,M_1,M_1,M_1,M_1,M_0,M_1,M_1,M_2,M_2,M_2,M_2,M_2,M_2,M_2,M_1,M_0,M_0,M_0,M_3,M_3,M_3,M_3,M_3,M_0
14,141,1,5,76,1,46,M_2,M_0,M_3,M_2,M_3,M_0,M_0,M_0,M_1,M_1,M_1,M_1,M_0,M_1,M_1,M_1,M_2,M_2,M_2,M_2,M_2,M_2,M_1,M_0,M_0,M_0,M_3,M_3,M_3,M_3,M_3,M_3
14,142,2,0,76,0,46,M_2,M_0,M_3,M_2,M_3,M_0,M_0,M_0,M_1,M_1,M_1,M_1,M_0,M_1,M_1,M_1,M_2,M_2,M_2,M_2,M_2,M_2,M_1,M_0,M_0,M_0,M_3,M_3,M_3,M_3,M_3,M_3
14,143,3,2,78,1,47,M_2,M_0,M_3,M_2,M_3,M_1,M_0,M_0,M_1,M_1,M_1,M_1,M_0,M_1,M_1,M_1,M_2,M_2,M_2,M_2,M_2,M_2,M_0,M_0,M_0,M_0,M_3,M_3,M_3,M_3,M_3,M_3
14,144,4,2,80,1,48,M_2,M_0,M_3,M_2,M_3,M_1,M_0,M_0,M_0,M_1,M_1,M_1,M_1,M_1,M_1,M_1,M_2,M_2,M_2,M_2,M_2,M_2,M_0,M_0,M_0,M_0,M_3,M_3,M_3,M_3,M_3,M_3
14,145,5,0,80,0,48,M_2,M_0,M_3,M_2,M_3,M_1,M_0,M_0,M_0,M_1,M_1,M_1,M_1,M_1,M_1,M_1,M_2,M_2,M_2,M_2,M_2,M_2,M_0,M_0,M_0,M_0,M_3,M_3,M_3,M_3,M_3,M_3
14,146,6,0,80,0,48,M_2,M_0,M_3,M_2,M_3,M_1,M_0,M_0,M_0,M_1,M_1,M_1,M_1,M_1,M_1,M_1,M_2,M_2,M_2,M_2,M_2,M_2,M_0,M_0,M_0,M_0,M_3,M_3,M_3,M_3,M_3,M_3
14,147,7,0,80,0,48,M_2,M_0,M_3,M_2,M_3,M_1,M_0,M_0,M_0,M_1,M_1,M_1,M_1,M_1,M_1,M_1,M_2,M_2,M_2,M_2,M_2,M_2,M_0,M_0,M_0,M_0,M_3,M_3,M_3,M_3,M_3,M_3
14,148,8,0,80,0,48,M_2,M_0,M_3,M_2,M_3,M_1,M_0,M_0,M_0,M_1,M_1,M_1,M_1,M_1,M_1,M_1,M_2,M_2,M_2,M_2,M_2,M_2,M_0,M_0,M_0,M_0,M_3,M_3,M_3,M_3,M_3,M_3
14,149,9,0,80,0,48,M_2,M_0,M_3,M_2,M_3,M_1,M_0,M_0,M_0,M_1,M_1,M_1,M_1,M_1,M_1,M_1,M_2,M_2,M_2,M_2,M_2,M_2,M_0,M_0,M_0,M_0,M_3,M_3,M_3,M_3,M_3,M_3
14,150,10,0,80,0,48,M_2,M_0,M_3,M_2,M_3,M_1,M_0,M_0,M_0,M_1,M_1,M_1,M_1,M_1,M_1,M_1,M_2,M_2,M_2,M_2,M_2,M_2,M_0,M_0,M_0,M_0,M_3,M_3,M_3,M_3,M_3,M_3
15,150,0,0,80,0,48,M_2,M_0,M_3,M_2,M_3,M_1,M_0,M_0,M_0,M_1,M_1,M_1,M_1,M_1,M_1,M_1,M_2,M_2,M_2,M_2,M_2,M_2,M_0,M_0,M_0,M_0,M_3,M_3,M_3,M_3,M_3,M_3
15,151,1,2,82,1,49,M_2,M_0,M_3,M_1,M_3,M_2,M_0,M_0,M_0,M_1,M_1,M_1,M_1,M_1,M_1,M_1,M_2,M_2,M_2,M_2,M_2,M_2,M_0,M_0,M_0,M_0,M_3,M_3,M_3,M_3,M_3,M_3
15,152,2,0,82,0,49,M_2,M_0,M_3,M_1,M_3,M_2,M_0,M_0,M_0,M_1,M_1,M_1,M_1,M_1,M_1,M_1,M_2,M_2,M_2,M_2,M_2,M_2,M_0,M_0,M_0,M_0,M_3,M_3,M_3,M_3,M_3,M_3
15,153,3,0,82,0,49,M_2,M_0,M_3,M_1,M_3,M_2,M_0,M_0,M_0,M_1,M_1,M_1,M_1,M_1,M_1,M_1,M_2,M_2,M_2,M_2,M_2,M_2,M_0,M_0,M_0,M_0,M_3,M_3,M_3,M_3,M_3,M_3
15,154,4,0,82,0,49,M_2,M_0,M_3,M_1,M_3,M_2,M_0,M_0,M_0,M_1,M_1,M_1,M_1,M_1,M_1,M_1,M_2,M_2,M_2,M_2,M_2,M_2,M_0,M_0,M_0,M_0,M_3,M_3,M_3,M_3,M_3,M_3
15,155,5,0,82,0,49,M_2,M_0,M_3,M_1,M_3,M_2,M_0,M_0,M_0,M_1,M_1,M_1,M_1,M_1,M_1,M_1,M_2,M_2,M_2,M_2,M_2,M_2,M_0,M_0,M_0,M_0,M_3,M_3,M_3,M_3,M_3,M_3
15,156,6,0,82,0,49,M_2,M_0,M_3,M_1,M_3,M_2,M_0,M_0,M_0,M_1,M_1,M_1,M_1,M_1,M_1,M_1,M_2,M_2,M_2,M_2,M_2,M_2,M_0,M_0,M_0,M_0,M_3,M_3,M_3,M_3,M_3,M_3
15,157,7,2,84,1,50,M_2,M_2,M_3,M_1,M_3,M_0,M_0,M_0,M_0,M_1,M_1,M_1,M_1,M_1,M_1,M_1,M_2,M_2,M_2,M_2,M_2,M_2,M_0,M_0,M_0,M_0,M_3,M_3,M_3,M_3,M_3,M_3
15,158,8,0,84,0,50,M_2,M_2,M_3,M_1,M_3,M_0,M_0,M_0,M_0,M_1,M_1,M_1,M_1,M_1,M_1,M_1,M_2,M_2,M_2,M_2,M_2,M_2,M_0,M_0,M_0,M_0,M_3,M_3,M_3,M_3,M_3,M_3
15,159,9,0,84,0,50,M_2,M_2,M_3,M_1,M_3,M_0,M_0,M_0,M_0,M_1,M_1,M_1,M_1,M_1,M_1,M_1,M_2,M_2,M_2,M_2,M_2,M_2,M_0,M_0,M_0,M_0,M_3,M_3,M_3,M_3,M_3,M_3
15,160,10,0,84,0,50,M_2,M_2,M_3,M_1,M_3,M_0,M_0,M_0,M_0,M_1,M_1,M_1,M_1,M_1,M_1,M_1,M_2,M_2,M_2,M_2,M_2,M_2,M_0,M_0,M_0,M_0,M_3,M_3,M_3,M_3,M_3,M_3
16,160,0,0,84,0,50,M_2,M_2,M_3,M_1,M_3,M_0,M_0,M_0,M_0,M_1,M_1,M_1,M_1,M_1,M_1,M_1,M_2,M_2,M_2,M_2,M_2,M_2,M_0,M_0,M_0,M_0,M_3,M_3,M_3,M_3,M_3,M_3
16,161,1,2,86,1,51,M_2,M_2,M_3,M_1,M_0,M_3,M_0,M_0,M_0,M_1,M_1,M_1,M_1,M_1,M_1,M_1,M_2,M_2,M_2,M_2,M_2,M_2,M_0,M_0,M_0,M_0,M_3,M_3,M_3,M_3,M_3,M_3
16,162,2,0,86,0,51,M_2,M_2,M_3,M_1,M_0,M_3,M_0,M_0,M_0,M_1,M_1,M_1,M_1,M_1,M_1,M_1,M_2,M_2,M_2,M_2,M_2,M_2,M_0,M_0,M_0,M_0,M_3,M_3,M_3,M_3,M_3,M_3
16,163,3,0,86,0,51,M_2,M_2,M_3,M_1,M_0,M_3,M_0,M_0,M_0,M_1,M_1,M_1,M_1,M_1,M_1,M_1,M_2,M_2,M_2,M_2,M_2,M_2,M_0,M_0,M_0,M_0,M_3,M_3,M_3,M_3,M_3,M_3
16,164,4,0,86,0,51,M_2,M_2,M_3,M_1,M_0,M_3,M_0,M_0,M_0,M_1,M_1,M_1,M_1,M_1,M_1,M_1,M_2,M_2,M_2,M_2,M_2,M_2,M_0,M_0,M_0,M_0,M_3,M_3,M_3,M_3,M_3,M_3
16,165,5,0,86,0,51,M_2,M_2,M_3,M_1,M_0,M_3,M_0,M_0,M_0,M_1,M_1,M_1,M_1,M_1,M_1,M_1,M_2,M_2,M_2,M_2,M_2,M_2,M_0,M_0,M_0,M_0,M_3,M_3,M_3,M_3,M_3,M_3
16,166,6,0,86,0,51,M_2,M_2,M_3,M_1,M_0,M_3,M_0,M_0,M_0,M_1,M_1,M_1,M_1,M_1,M_1,M_1,M_2,M_2,M_2,M_2,M_2,M_2,M_0,M_0,M_0,M_0,M_3,M_3,M_3,M_3,M_3,M_3
16,167,7,0,86,0,51,M_2,M_2,M_3,M_1,M_0,M_3,M_0,M_0,M_0,M_1,M_1,M_1,M_1,M_1,M_1,M_1,M_2,M_2,M_2,M_2,M_2,M_2,M_0,M_0,M_0,M_0,M_3,M_3,M_3,M_3,M_3,M_3
16,168,8,2,88,1,52,M_2,M_2,M_3,M_1,M_0,M_3,M_1,M_0,M_0,M_1,M_1,M_1,M_1,M_0,M_1,M_1,M_2,M_2,M_2,M_2,M_2,M_2,M_0,M_0,M_0,M_0,M_3,M_3,M_3,M_3,M_3,M_3
16,169,9,0,88,0,52,M_2,M_2,M_3,M_1,M_0,M_3,M_1,M_0,M_0,M_1,M_1,M_1,M_1,M_0,M_1,M_1,M_2,M_2,M_2,M_2,M_2,M_2,M_0,M_0,M_0,M_0,M_3,M_3,M_3,M_3,M_3,M_3
16,170,10,0,88,0,52,M_2,M_2,M_3,M_1,M_0,M_3,M_1,M_0,M_0,M_1,M_1,M_1,M_1,M_0,M_1,M_1,M_2,M_2,M_2,M_2,M_2,M_2,M_0,M_0,M_0,M_0,M_3,M_3,M_3,M_3,M_3,M_3
17,170,0,0,88,0,52,M_2,M_2,M_3,M_1,M_0,M_3,M_1,M_0,M_0,M_1,M_1,M_1,M_1,M_0,M_1,M_1,M_2,M_2,M_2,M_2,M_2,M_2,M_0,M_0,M_0,M_0,M_3,M_3,M_3,M_3,M_3,M_3
17,171,1,0,88,0,52,M_2,M_2,M_3,M_1,M_0,M_3,M_1,M_0,M_0,M_1,M_1,M_1,M_1,M_0,M_1,M_1,M_2,M_2,M_2,M_2,M_2,M_2,M_0,M_0,M_0,M_0,M_3,M_3,M_3,M_3,M_3,M_3
17,172,2,2,90,1,53,M_2,M_2,M_3,M_1,M_0,M_3,M_1,M_0,M_0,M_1,M_1,M_0,M_1,M_1,M_1,M_1,M_2,M_2,M_2,M_2,M_2,M_2,M_0,M_0,M_0,M_0,M_3,M_3,M_3,M_3,M_3,M_3
17,173,3,0,90,0,53,M_2,M_2,M_3,M_1,M_0,M_3,M_1,M_0,M_0,M_1,M_1,M_0,M_1,M_1,M_1,M_1,M_2,M_2,M_2,M_2,M_2,M_2,M_0,M_0,M_0,M_0,M_3,M_3,M_3,M_3,M_3,M_3
17,174,4,0,90,0,53,M_2,M_2,M_3,M_1,M_0,M_3,M_1,M_0,M_0,M_1,M_1,M_0,M_1,M_1,M_1,M_1,M_2,M_2,M_2,M_2,M_2,M_2,M_0,M_0,M_0,M_0,M_3,M_3,M_3,M_3,M_3,M_3
17,175,5,2,92,1,54,M_1,M_2,M_3,M_1,M_0,M_3,M_2,M_0,M_0,M_1,M_1,M_0,M_1,M_1,M_1,M_1,M_2,M_2,M_2,M_2,M_2,M_2,M_0,M_0,M_0,M_0,M_3,M_3,M_3,M_3,M_3,M_3
17,176,6,0,92,0,54,M_1,M_2,M_3,M_1,M_0,M_3,M_2,M_0,M_0,M_1,M_1,M_0,M_1,M_1,M_1,M_1,M_2,M_2,M_2,M_2,M_2,M_2,M_0,M_0,M_0,M_0,M_3,M_3,M_3,M_3,M_3,M_3
17,177,7,0,92,0,54,M_1,M_2,M_3,M_1,M_0,M_3,M_2,M_0,M_0,M_1,M_1,M_0,M_1,M_1,M_1,M_1,M_2,M_2,M_2,M_2,M_2,M_2,M_0,M_0,M_0,M_0,M_3,M_3,M_3,M_3,M_3,M_3
17,178,8,0,92,0,54,M_1,M_2,M_3,M_1,M_0,M_3,M_2,M_0,M_0,M_1,M_1,M_0,M_1,M_1,M_1,M_1,M_2,M_2,M_2,M_2,M_2,M_2,M_0,M_0,M_0,M_0,M_3,M_3,M_3,M_3,M_3,M_3
17,179,9,0,92,0,54,M_1,M_2,M_3,M_1,M_0,M_3,M_2,M_0,M_0,M_1,M_1,M_0,M_1,M_1,M_1,M_1,M_2,M_2,M_2,M_2,M_2,M_2,M_0,M_0,M_0,M_0,M_3,M_3,M_3,M_3,M_3,M_3
17,180,10,0,92,0,54,M_1,M_2,M_3,M_1,M_0,M_3,M_2,M_0,M_0,M_1,M_1,M_0,M_1,M_1,M_1,M_1,M_2,M_2,M_2,M_2,M_2,M_2,M_0,M_0,M_0,M_0,M_3,M_3,M_3,M_3,M_3,M_3
18,180,0,0,92,0,54,M_1,M_2,M_3,M_1,M_0,M_3,M_2,M_0,M_0,M_1,M_1,M_0,M_1,M_1,M_1,M_1,M_2,M_2,M_2,M_2,M_2,M_2,M_0,M_0,M_0,M_0,M_3,M_3,M_3,M_3,M_3,M_3
18,181,1,2,94,1,55,M_1,M_2,M_3,M_1,M_2,M_3,M_0,M_0,M_0,M_1,M_1,M_0,M_1,M_1,M_1,M_1,M_2,M_2,M_2,M_2,M_2,M_2,M_0,M_0,M_0,M_0,M_3,M_3,M_3,M_3,M_3,M_3
18,182,2,0,94,0,55,M_1,M_2,M_3,M_1,M_2,M_3,M_0,M_0,M_0,M_1,M_1,M_0,M_1,M_1,M_1,M_1,M_2,M_2,M_2,M_2,M_2,M_2,M_0,M_0,M_0,M_0,M_3,M_3,M_3,M_3,M_3,M_3
18,183,3,0,94,0,55,M_1,M_2,M_3,M_1,M_2,M_3,M_0,M_0,M_0,M_1,M_1,M_0,M_1,M_1,M_1,M_1,M_2,M_2,M_2,M_2,M_2,M_2,M_0,M_0,M_0,M_0,M_3,M_3,M_3,M_3,M_3,M_3
18,184,4,0,94,0,55,M_1,M_2,M_3,M_1,M_2,M_3,M_0,M_0,M_0,M_1,M_1,M_0,M_1,M_1,M_1,M_1,M_2,M_2,M_2,M_2,M_2,M_2,M_0,M_0,M_0,M_0,M_3,M_3,M_3,M_3,M_3,M_3
18,185,5,2,96,1,56,M_1,M_2,M_0,M_1,M_2,M_3,M_3,M_0,M_0,M_1,M_1,M_0,M_1,M_1,M_1,M_1,M_2,M_2,M_2,M_2,M_2,M_2,M_0,M_0,M_0,M_0,M_3,M_3,M_3,M_3,M_3,M_3
18,186,6,0,96,0,56,M_1,M_2,M_0,M_1,M_2,M_3,M_3,M_0,M_0,M_1,M_1,M_0,M_1,M_1,M_1,M_1,M_2,M_2,M_2,M_2,M_2,M_2,M_0,M_0,M_0,M_0,M_3,M_3,M_3,M_3,M_3,M_3
18,187,7,0,96,0,56,M_1,M_2,M_0,M_1,M_2,M_3,M_3,M_0,M_0,M_1,M_1,M_0,M_1,M_1,M_1,M_1,M_2,M_2,M_2,M_2,M_2,M_2,M_0,M_0,M_0,M_0,M_3,M_3,M_3,M_3,M_3,M_3
18,188,8,0,96,0,56,M_1,M_2,M_0,M_1,M_2,M_3,M_3,M_0,M_0,M_1,M_1,M_0,M_1,M_1,M_1,M_1,M_2,M_2,M_2,M_2,M_2,M_2,M_0,M_0,M_0,M_0,M_3,M_3,M_3,M_3,M_3,M_3
18,189,9,0,96,0,56,M_1,M_2,M_0,M_1,M_2,M_3,M_3,M_0,M_0,M_1,M_1,M_0,M_1,M_1,M_1,M_1,M_2,M_2,M_2,M_2,M_2,M_2,M_0,M_0,M_0,M_0,M_3,M_3,M_3,M_3,M_3,M_3
18,190,10,0,96,0,56,M_1,M_2,M_0,M_1,M_2,M_3,M_3,M_0,M_0,M_1,M_1,M_0,M_1,M_1,M_1,M_1,M_2,M_2,M_2,M_2,M_2,M_2,M_0,M_0,M_0,M_0,M_3,M_3,M_3,M_3,M_3,M_3
19,190,0,0,96,0,56,M_1,M_2,M_0,M_1,M_2,M_3,M_3,M_0,M_0,M_1,M_1,M_0,M_1,M_1,M_1,M_1,M_2,M_2,M_2,M_2,M_2,M_2,M_0,M_0,M_0,M_0,M_3,M_3,M_3,M_3,M_3,M_3
19,191,1,2,98,1,57,M_0,M_2,M_0,M_1,M_2,M_3,M_3,M_1,M_0,M_1,M_1,M_0,M_1,M_1,M_1,M_1,M_2,M_2,M_2,M_2,M_2,M_2,M_0,M_0,M_0,M_0,M_3,M_3,M_3,M_3,M_3,M_3
19,192,2,2,100,1,58,M_0,M_2,M_0,M_1,M_2,M_3,M_3,M_1,M_0,M_0,M_1,M_1,M_1,M_1,M_1,M_1,M_2,M_2,M_2,M_2,M_2,M_2,M_0,M_0,M_0,M_0,M_3,M_3,M_3,M_3,M_3,M_3
19,193,3,0,100,0,58,M_0,M_2,M_0,M_1,M_2,M_3,M_3,M_1,M_0,M_0,M_1,M_1,M_1,M_1,M_1,M_1,M_2,M_2,M_2,M_2,M_2,M_2,M_0,M_0,M_0,M_0,M_3,M_3,M_3,M_3,M_3,M_3
19,194,4,0,100,0,58,M_0,M_2,M_0,M_1,M_2,M_3,M_3,M_1,M_0,M_0,M_1,M_1,M_1,M_1,M_1,M_1,M_2,M_2,M_2,M_2,M_2,M_2,M_0,M_0,M_0,M_0,M_3,M_3,M_3,M_3,M_3,M_3
19,195,5,0,100,0,58,M_0,M_2,M_0,M_1,M_2,M_3,M_3,M_1,M_0,M_0,M_1,M_1,M_1,M_1,M_1,M_1,M_2,M_2,M_2,M_2,M_2,M_2,M_0,M_0,M_0,M_0,M_3,M_3,M_3,M_3,M_3,M_3
19,196,6,0,100,0,58,M_0,M_2,M_0,M_1,M_2,M_3,M_3,M_1,M_0,M_0,M_1,M_1,M_1,M_1,M_1,M_1,M_2,M_2,M_2,M_2,M_2,M_2,M_0,M_0,M_0,M_0,M_3,M_3,M_3,M_3,M_3,M_3
19,197,7,0,100,0,58,M_0,M_2,M_0,M_1,M_2,M_3,M_3,M_1,M_0,M_0,M_1,M_1,M_1,M_1,M_1,M_1,M_2,M_2,M_2,M_2,M_2,M_2,M_0,M_0,M_0,M_0,M_3,M_3,M_3,M_3,M_3,M_3
19,198,8,2,102,1,59,M_0,M_2,M_0,M_1,M_1,M_3,M_3,M_2,M_0,M_0,M_1,M_1,M_1,M_1,M_1,M_1,M_2,M_2,M_2,M_2,M_2,M_2,M_0,M_0,M_0,M_0,M_3,M_3,M_3,M_3,M_3,M_3
19,199,9,0,102,0,59,M_0,M_2,M_0,M_1,M_1,M_3,M_3,M_2,M_0,M_0,M_1,M_1,M_1,M_1,M_1,M_1,M_2,M_2,M_2,M_2,M_2,M_2,M_0,M_0,M_0,M_0,M_3,M_3,M_3,M_3,M_3,M_3
19,200,10,0,102,0,59,M_0,M_2,M_0,M_1,M_1,M_3,M_3,M_2,M_0,M_0,M_1,M_1,M_1,M_1,M_1,M_1,M_2,M_2,M_2,M_2,M_2,M_2,M_0,M_0,M_0,M_0,M_3,M_3,M_3,M_3,M_3,M_3
20,200,0,0,102,0,59,M_0,M_2,M_0,M_1,M_1,M_3,M_3,M_2,M_0,M_0,M_1,M_1,M_1,M_1,M_1,M_1,M_2,M_2,M_2,M_2,M_2,M_2,M_0,M_0,M_0,M_0,M_3,M_3,M_3,M_3,M_3,M_3
20,201,1,0,102,0,59,M_0,M_2,M_0,M_1,M_1,M_3,M_3,M_2,M_0,M_0,M_1,M_1,M_1,M_1,M_1,M_1,M_2,M_2,M_2,M_2,M_2,M_2,M_0,M_0,M_0,M_0,M_3,M_3,M_3,M_3,M_3,M_3
20,202,2,0,102,0,59,M_0,M_2,M_0,M_1,M_1,M_3,M_3,M_2,M_0,M_0,M_1,M_1,M_1,M_1,M_1,M_1,M_2,M_2,M_2,M_2,M_2,M_2,M_0,M_0,M_0,M_0,M_3,M_3,M_3,M_3,M_3,M_3
20,203,3,0,102,0,59,M_0,M_2,M_0,M_1,M_1,M_3,M_3,M_2,M_0,M_0,M_1,M_1,M_1,M_1,M_1,M_1,M_2,M_2,M_2,M_2,M_2,M_2,M_0,M_0,M_0,M_0,M_3,M_3,M_3,M_3,M_3,M_3
20,204,4,2,104,1,60,M_0,M_2,M_2,M_1,M_1,M_3,M_3,M_0,M_0,M_0,M_1,M_1,M_1,M_1,M_1,M_1,M_2,M_2,M_2,M_2,M_2,M_2,M_0,M_0,M_0,M_0,M_3,M_3,M_3,M_3,M_3,M_3
20,205,5,0,104,0,60,M_0,M_2,M_2,M_1,M_1,M_3,M_3,M_0,M_0,M_0,M_1,M_1,M_1,M_1,M_1,M_1,M_2,M_2,M_2,M_2,M_2,M_2,M_0,M_0,M_0,M_0,M_3,M_3,M_3,M_3,M_3,M_3
20,206,6,0,104,0,60,M_0,M_2,M_2,M_1,M_1,M_3,M_3,M_0,M_0,M_0,M_1,M_1,M_1,M_1,M_1,M_1,M_2,M_2,M_2,M_2,M_2,M_2,M_0,M_0,M_0,M_0,M_3,M_3,M_3,M_3,M_3,M_3
20,207,7,0,104,0,60,M_0,M_2,M_2,M_1,M_1,M_3,M_3,M_0,M_0,M_0,M_1,M_1,M_1,M_1,M_1,M_1,M_2,M_2,M_2,M_2,M_2,M_2,M_0,M_0,M_0,M_0,M_3,M_3,M_3,M_3,M_3,M_3
20,208,8,2,106,1,61,M_0,M_2,M_2,M_1,M_1,M_0,M_3,M_3,M_0,M_0,M_1,M_1,M_1,M_1,M_1,M_1,M_2,M_2,M_2,M_2,M_2,M_2,M_0,M_0,M_0,M_0,M_3,M_3,M_3,M_3,M_3,M_3
20,209,9,0,106,0,61,M_0,M_2,M_2,M_1,M_1,M_0,M_3,M_3,M_0,M_0,M_1,M_1,M_1,M_1,M_1,M_1,M_2,M_2,M_2,M_2,M_2,M_2,M_0,M_0,M_0,M_0,M_3,M_3,M_3,M_3,M_3,M_3
20,210,10,0,106,0,61,M_0,M_2,M_2,M_1,M_1,M_0,M_3,M_3,M_0,M_0,M_1,M_1,M_1,M_1,M_1,M_1,M_2,M_2,M_2,M_2,M_2,M_2,M_0,M_0,M_0,M_0,M_3,M_3,M_3,M_3,M_3,M_3
21,210,0,0,106,0,61,M_0,M_2,M_2,M_1,M_1,M_0,M_3,M_3,M_0,M_0,M_1,M_1,M_1,M_1,M_1,M_1,M_2,M_2,M_2,M_2,M_2,M_2,M_0,M_0,M_0,M_0,M_3,M_3,M_3,M_3,M_3,M_3
21,211,1,0,106,0,61,M_0,M_2,M_2,M_1,M_1,M_0,M_3,M_3,M_0,M_0,M_1,M_1,M_1,M_1,M_1,M_1,M_2,M_2,M_2,M_2,M_2,M_2,M_0,M_0,M_0,M_0,M_3,M_3,M_3,M_3,M_3,M_3
21,212,2,0,106,0,61,M_0,M_2,M_2,M_1,M_1,M_0,M_3,M_3,M_0,M_0,M_1,M_1,M_1,M_1,M_1,M_1,M_2,M_2,M_2,M_2,M_2,M_2,M_0,M_0,M_0,M_0,M_3,M_3,M_3,M_3,M_3,M_3
21,213,3,0,106,0,61,M_0,M_2,M_2,M_1,M_1,M_0,M_3,M_3,M_0,M_0,M_1,M_1,M_1,M_1,M_1,M_1,M_2,M_2,M_2,M_2,M_2,M_2,M_0,M_0,M_0,M_0,M_3,M_3,M_3,M_3,M_3,M_3
21,214,4,2,108,1,62,M_0,M_2,M_2,M_0,M_1,M_0,M_3,M_3,M_1,M_0,M_1,M_1,M_1,M_1,M_1,M_1,M_2,M_2,M_2,M_2,M_2,M_2,M_0,M_0,M_0,M_0,M_3,M_3,M_3,M_3,M_3,M_3
21,215,5,0,108,0,62,M_0,M_2,M_2,M_0,M_1,M_0,M_3,M_3,M_1,M_0,M_1,M_1,M_1,M_1,M_1,M_1,M_2,M_2,M_2,M_2,M_2,M_2,M_0,M_0,M_0,M_0,M_3,M_3,M_3,M_3,M_3,M_3
21,216,6,2,110,1,63,M_0,M_2,M_2,M_0,M_2,M_0,M_3,M_3,M_1,M_0,M_1,M_1,M_1,M_1,M_1,M_1,M_1,M_2,M_2,M_2,M_2,M_2,M_0,M_0,M_0,M_0,M_3,M_3,M_3,M_3,M_3,M_3
21,217,7,0,110,0,63,M_0,M_2,M_2,M_0,M_2,M_0,M_3,M_3,M_1,M_0,M_1,M_1,M_1,M_1,M_1,M_1,M_1,M_2,M_2,M_2,M_2,M_2,M_0,M_0,M_0,M_0,M_3,M_3,M_3,M_3,M_3,M_3
21,218,8,0,110,0,63,M_0,M_2,M_2,M_0,M_2,M_0,M_3,M_3,M_1,M_0,M_1,M_1,M_1,M_1,M_1,M_1,M_1,M_2,M_2,M_2,M_2,M_2,M_0,M_0,M_0,M_0,M_3,M_3,M_3,M_3,M_3,M_3
21,219,9,0,110,0,63,M_0,M_2,M_2,M_0,M_2,M_0,M_3,M_3,M_1,M_0,M_1,M_1,M_1,M_1,M_1,M_1,M_1,M_2,M_2,M_2,M_2,M_2,M_0,M_0,M_0,M_0,M_3,M_3,M_3,M_3,M_3,M_3
21,220,10,0,110,0,63,M_0,M_2,M_2,M_0,M_2,M_0,M_3,M_3,M_1,M_0,M_1,M_1,M_1,M_1,M_1,M_1,M_1,M_2,M_2,M_2,M_2,M_2,M_0,M_0,M_0,M_0,M_3,M_3,M_3,M_3,M_3,M_3
22,220,0,0,110,0,63,M_0,M_2,M_2,M_0,M_2,M_0,M_3,M_3,M_1,M_0,M_1,M_1,M_1,M_1,M_1,M_1,M_1,M_2,M_2,M_2,M_2,M_2,M_0,M_0,M_0,M_0,M_3,M_3,M_3,M_3,M_3,M_3
22,221,1,4,114,0,67,M_0,M_2,M_2,M_0,M_3,M_1,M_3,M_3,M_2,M_0,M_1,M_1,M_1,M_1,M_1,M_1,M_1,M_2,M_2,M_2,M_2,M_2,M_0,M_0,M_0,M_0,M_0,M_3,M_3,M_3,M_3,M_3
22,222,2,0,114,0,67,M_0,M_2,M_2,M_0,M_3,M_1,M_3,M_3,M_2,M_0,M_1,M_1,M_1,M_1,M_1,M_1,M_1,M_2,M_2,M_2,M_2,M_2,M_0,M_0,M_0,M_0,M_0,M_3,M_3,M_3,M_3,M_3
22,223,3,0,114,0,67,M_0,M_2,M_2,M_0,M_3,M_1,M_3,M_3,M_2,M_0,M_1,M_1,M_1,M_1,M_1,M_1,M_1,M_2,M_2,M_2,M_2,M_2,M_0,M_0,M_0,M_0,M_0,M_3,M_3,M_3,M_3,M_3
22,224,4,0,114,0,67,M_0,M_2,M_2,M_0,M_3,M_1,M_3,M_3,M_2,M_0,M_1,M_1,M_1,M_1,M_1,M_1,M_1,M_2,M_2,M_2,M_2,M_2,M_0,M_0,M_0,M_0,M_0,M_3,M_3,M_3,M_3,M_3
22,225,5,0,114,0,67,M_0,M_2,M_2,M_0,M_3,M_1,M_3,M_3,M_2,M_0,M_1,M_1,M_1,M_1,M_1,M_1,M_1,M_2,M_2,M_2,M_2,M_2,M_0,M_0,M_0,M_0,M_0,M_3,M_3,M_3,M_3,M_3
22,226,6,2,116,1,68,M_0,M_2,M_2,M_2,M_3,M_1,M_3,M_3,M_0,M_0,M_1,M_1,M_1,M_1,M_1,M_1,M_1,M_2,M_2,M_2,M_2,M_2,M_0,M_0,M_0,M_0,M_0,M_3,M_3,M_3,M_3,M_3
22,227,7,0,116,0,68,M_0,M_2,M_2,M_2,M_3,M_1,M_3,M_3,M_0,M_0,M_1,M_1,M_1,M_1,M_1,M_1,M_1,M_2,M_2,M_2,M_2,M_2,M_0,M_0,M_0,M_0,M_0,M_3,M_3,M_3,M_3,M_3
22,228,8,0,116,0,68,M_0,M_2,M_2,M_2,M_3,M_1,M_3,M_3,M_0,M_0,M_1,M_1,M_1,M_1,M_1,M_1,M_1,M_2,M_2,M_2,M_2,M_2,M_0,M_0,M_0,M_0,M_0,M_3,M_3,M_3,M_3,M_3
22,229,9,0,116,0,68,M_0,M_2,M_2,M_2,M_3,M_1,M_3,M_3,M_0,M_0,M_1,M_1,M_1,M_1,M_1,M_1,M_1,M_2,M_2,M_2,M_2,M_2,M_0,M_0,M_0,M_0,M_0,M_3,M_3,M_3,M_3,M_3
22,230,10,0,116,0,68,M_0,M_2,M_2,M_2,M_3,M_1,M_3,M_3,M_0,M_0,M_1,M_1,M_1,M_1,M_1,M_1,M_1,M_2,M_2,M_2,M_2,M_2,M_0,M_0,M_0,M_0,M_0,M_3,M_3,M_3,M_3,M_3
23,230,0,0,116,0,68,M_0,M_2,M_2,M_2,M_3,M_1,M_3,M_3,M_0,M_0,M_1,M_1,M_1,M_1,M_1,M_1,M_1,M_2,M_2,M_2,M_2,M_2,M_0,M_0,M_0,M_0,M_0,M_3,M_3,M_3,M_3,M_3
23,231,1,4,120,2,70,M_0,M_2,M_2,M_2,M_3,M_1,M_0,M_3,M_3,M_1,M_1,M_1,M_1,M_1,M_1,M_1,M_0,M_2,M_2,M_2,M_2,M_2,M_0,M_0,M_0,M_0,M_0,M_3,M_3,M_3,M_3,M_3
23,232,2,0,120,0,70,M_0,M_2,M_2,M_2,M_3,M_1,M_0,M_3,M_3,M_1,M_1,M_1,M_1,M_1,M_1,M_1,M_0,M_2,M_2,M_2,M_2,M_2,M_0,M_0,M_0,M_0,M_0,M_3,M_3,M_3,M_3,M_3
23,233,3,0,120,0,70,M_0,M_2,M_2,M_2,M_3,M_1,M_0,M_3,M_3,M_1,M_1,M_1,M_1,M_1,M_1,M_1,M_0,M_2,M_2,M_2,M_2,M_2,M_0,M_0,M_0,M_0,M_0,M_3,M_3,M_3,M_3,M_3
23,234,4,0,120,0,70,M_0,M_2,M_2,M_2,M_3,M_1,M_0,M_3,M_3,M_1,M_1,M_1,M_1,M_1,M_1,M_1,M_0,M_2,M_2,M_2,M_2,M_2,M_0,M_0,M_0,M_0,M_0,M_3,M_3,M_3,M_3,M_3
23,235,5,0,120,0,70,M_0,M_2,M_2,M_2,M_3,M_1,M_0,M_3,M_3,M_1,M_1,M_1,M_1,M_1,M_1,M_1,M_0,M_2,M_2,M_2,M_2,M_2,M_0,M_0,M_0,M_0,M_0,M_3,M_3,M_3,M_3,M_3
23,236,6,0,120,0,70,M_0,M_2,M_2,M_2,M_3,M_1,M_0,M_3,M_3,M_1,M_1,M_1,M_1,M_1,M_1,M_1,M_0,M_2,M_2,M_2,M_2,M_2,M_0,M_0,M_0,M_0,M_0,M_3,M_3,M_3,M_3,M_3
23,237,7,0,120,0,70,M_0,M_2,M_2,M_2,M_3,M_1,M_0,M_3,M_3,M_1,M_1,M_1,M_1,M_1,M_1,M_1,M_0,M_2,M_2,M_2,M_2,M_2,M_0,M_0,M_0,M_0,M_0,M_3,M_3,M_3,M_3,M_3
23,238,8,0,120,0,70,M_0,M_2,M_2,M_2,M_3,M_1,M_0,M_3,M_3,M_1,M_1,M_1,M_1,M_1,M_1,M_1,M_0,M_2,M_2,M_2,M_2,M_2,M_0,M_0,M_0,M_0,M_0,M_3,M_3,M_3,M_3,M_3
23,239,9,0,120,0,70,M_0,M_2,M_2,M_2,M_3,M_1,M_0,M_3,M_3,M_1,M_1,M_1,M_1,M_1,M_1,M_1,M_0,M_2,M_2,M_2,M_2,M_2,M_0,M_0,M_0,M_0,M_0,M_3,M_3,M_3,M_3,M_3
23,240,10,0,120,0,70,M_0,M_2,M_2,M_2,M_3,M_1,M_0,M_3,M_3,M_1,M_1,M_1,M_1,M_1,M_1,M_1,M_0,M_2,M_2,M_2,M_2,M_2,M_0,M_0,M_0,M_0,M_0,M_3,M_3,M_3,M_3,M_3
24,240,0,0,120,0,70,M_0,M_2,M_2,M_2,M_3,M_1,M_0,M_3,M_3,M_1,M_1,M_1,M_1,M_1,M_1,M_1,M_0,M_2,M_2,M_2,M_2,M_2,M_0,M_0,M_0,M_0,M_0,M_3,M_3,M_3,M_3,M_3
24,241,1,2,122,1,71,M_1,M_2,M_2,M_2,M_3,M_1,M_0,M_3,M_3,M_0,M_1,M_1,M_1,M_1,M_1,M_1,M_0,M_2,M_2,M_2,M_2,M_2,M_0,M_0,M_0,M_0,M_0,M_3,M_3,M_3,M_3,M_3
24,242,2,2,124,1,72,M_1,M_2,M_0,M_2,M_3,M_1,M_0,M_3,M_3,M_2,M_1,M_1,M_1,M_1,M_1,M_1,M_0,M_2,M_2,M_2,M_2,M_2,M_0,M_0,M_0,M_0,M_0,M_3,M_3,M_3,M_3,M_3
24,243,3,0,124,0,72,M_1,M_2,M_0,M_2,M_3,M_1,M_0,M_3,M_3,M_2,M_1,M_1,M_1,M_1,M_1,M_1,M_0,M_2,M_2,M_2,M_2,M_2,M_0,M_0,M_0,M_0,M_0,M_3,M_3,M_3,M_3,M_3
24,244,4,0,124,0,72,M_1,M_2,M_0,M_2,M_3,M_1,M_0,M_3,M_3,M_2,M_1,M_1,M_1,M_1,M_1,M_1,M_0,M_2,M_2,M_2,M_2,M_2,M_0,M_0,M_0,M_0,M_0,M_3,M_3,M_3,M_3,M_3
24,245,5,0,124,0,72,M_1,M_2,M_0,M_2,M_3,M_1,M_0,M_3,M_3,M_2,M_1,M_1,M_1,M_1,M_1,M_1,M_0,M_2,M_2,M_2,M_2,M_2,M_0,M_0,M_0,M_0,M_0,M_3,M_3,M_3,M_3,M_3
24,246,6,0,124,0,72,M_1,M_2,M_0,M_2,M_3,M_1,M_0,M_3,M_3,M_2,M_1,M_1,M_1,M_1,M_1,M_1,M_0,M_2,M_2,M_2,M_2,M_2,M_0,M_0,M_0,M_0,M_0,M_3,M_3,M_3,M_3,M_3
24,247,7,2,126,1,73,M_1,M_2,M_0,M_2,M_3,M_1,M_0,M_3,M_3,M_0,M_1,M_1,M_1,M_1,M_1,M_1,M_2,M_2,M_2,M_2,M_2,M_2,M_0,M_0,M_0,M_0,M_0,M_3,M_3,M_3,M_3,M_3
24,248,8,0,126,0,73,M_1,M_2,M_0,M_2,M_3,M_1,M_0,M_3,M_3,M_0,M_1,M_1,M_1,M_1,M_1,M_1,M_2,M_2,M_2,M_2,M_2,M_2,M_0,M_0,M_0,M_0,M_0,M_3,M_3,M_3,M_3,M_3
24,249,9,0,126,0,73,M_1,M_2,M_0,M_2,M_3,M_1,M_0,M_3,M_3,M_0,M_1,M_1,M_1,M_1,M_1,M_1,M_2,M_2,M_2,M_2,M_2,M_2,M_0,M_0,M_0,M_0,M_0,M_3,M_3,M_3,M_3,M_3
24,250,10,0,126,0,73,M_1,M_2,M_0,M_2,M_3,M_1,M_0,M_3,M_3,M_0,M_1,M_1,M_1,M_1,M_1,M_1,M_2,M_2,M_2,M_2,M_2,M_2,M_0,M_0,M_0,M_0,M_0,M_3,M_3,M_3,M_3,M_3
25,250,0,0,126,0,73,M_1,M_2,M_0,M_2,M_3,M_1,M_0,M_3,M_3,M_0,M_1,M_1,M_1,M_1,M_1,M_1,M_2,M_2,M_2,M_2,M_2,M_2,M_0,M_0,M_0,M_0,M_0,M_3,M_3,M_3,M_3,M_3
25,251,1,0,126,0,73,M_1,M_2,M_0,M_2,M_3,M_1,M_0,M_3,M_3,M_0,M_1,M_1,M_1,M_1,M_1,M_1,M_2,M_2,M_2,M_2,M_2,M_2,M_0,M_0,M_0,M_0,M_0,M_3,M_3,M_3,M_3,M_3
25,252,2,2,128,1,74,M_1,M_2,M_0,M_2,M_3,M_1,M_0,M_3,M_0,M_3,M_1,M_1,M_1,M_1,M_1,M_1,M_2,M_2,M_2,M_2,M_2,M_2,M_0,M_0,M_0,M_0,M_0,M_3,M_3,M_3,M_3,M_3
25,253,3,0,128,0,74,M_1,M_2,M_0,M_2,M_3,M_1,M_0,M_3,M_0,M_3,M_1,M_1,M_1,M_1,M_1,M_1,M_2,M_2,M_2,M_2,M_2,M_2,M_0,M_0,M_0,M_0,M_0,M_3,M_3,M_3,M_3,M_3
25,254,4,0,128,0,74,M_1,M_2,M_0,M_2,M_3,M_1,M_0,M_3,M_0,M_3,M_1,M_1,M_1,M_1,M_1,M_1,M_2,M_2,M_2,M_2,M_2,M_2,M_0,M_0,M_0,M_0,M_0,M_3,M_3,M_3,M_3,M_3
25,255,5,0,128,0,74,M_1,M_2,M_0,M_2,M_3,M_1,M_0,M_3,M_0,M_3,M_1,M_1,M_1,M_1,M_1,M_1,M_2,M_2,M_2,M_2,M_2,M_2,M_0,M_0,M_0,M_0,M_0,M_3,M_3,M_3,M_3,M_3
25,256,6,0,128,0,74,M_1,M_2,M_0,M_2,M_3,M_1,M_0,M_3,M_0,M_3,M_1,M_1,M_1,M_1,M_1,M_1,M_2,M_2,M_2,M_2,M_2,M_2,M_0,M_0,M_0,M_0,M_0,M_3,M_3,M_3,M_3,M_3
25,257,7,0,128,0,74,M_1,M_2,M_0,M_2,M_3,M_1,M_0,M_3,M_0,M_3,M_1,M_1,M_1,M_1,M_1,M_1,M_2,M_2,M_2,M_2,M_2,M_2,M_0,M_0,M_0,M_0,M_0,M_3,M_3,M_3,M_3,M_3
25,258,8,0,128,0,74,M_1,M_2,M_0,M_2,M_3,M_1,M_0,M_3,M_0,M_3,M_1,M_1,M_1,M_1,M_1,M_1,M_2,M_2,M_2,M_2,M_2,M_2,M_0,M_0,M_0,M_0,M_0,M_3,M_3,M_3,M_3,M_3
25,259,9,0,128,0,74,M_1,M_2,M_0,M_2,M_3,M_1,M_0,M_3,M_0,M_3,M_1,M_1,M_1,M_1,M_1,M_1,M_2,M_2,M_2,M_2,M_2,M_2,M_0,M_0,M_0,M_0,M_0,M_3,M_3,M_3,M_3,M_3
25,260,10,0,128,0,74,M_1,M_2,M_0,M_2,M_3,M_1,M_0,M_3,M_0,M_3,M_1,M_1,M_1,M_1,M_1,M_1,M_2,M_2,M_2,M_2,M_2,M_2,M_0,M_0,M_0,M_0,M_0,M_3,M_3,M_3,M_3,M_3
26,260,0,0,128,0,74,M_1,M_2,M_0,M_2,M_3,M_1,M_0,M_3,M_0,M_3,M_1,M_1,M_1,M_1,M_1,M_1,M_2,M_2,M_2,M_2,M_2,M_2,M_0,M_0,M_0,M_0,M_0,M_3,M_3,M_3,M_3,M_3
26,261,1,2,130,1,75,M_1,M_2,M_0,M_1,M_3,M_1,M_0,M_3,M_0,M_3,M_2,M_1,M_1,M_1,M_1,M_1,M_2,M_2,M_2,M_2,M_2,M_2,M_0,M_0,M_0,M_0,M_0,M_3,M_3,M_3,M_3,M_3
26,262,2,0,130,0,75,M_1,M_2,M_0,M_1,M_3,M_1,M_0,M_3,M_0,M_3,M_2,M_1,M_1,M_1,M_1,M_1,M_2,M_2,M_2,M_2,M_2,M_2,M_0,M_0,M_0,M_0,M_0,M_3,M_3,M_3,M_3,M_3
26,263,3,0,130,0,75,M_1,M_2,M_0,M_1,M_3,M_1,M_0,M_3,M_0,M_3,M_2,M_1,M_1,M_1,M_1,M_1,M_2,M_2,M_2,M_2,M_2,M_2,M_0,M_0,M_0,M_0,M_0,M_3,M_3,M_3,M_3,M_3
26,264,4,0,130,0,75,M_1,M_2,M_0,M_1,M_3,M_1,M_0,M_3,M_0,M_3,M_2,M_1,M_1,M_1,M_1,M_1,M_2,M_2,M_2,M_2,M_2,M_2,M_0,M_0,M_0,M_0,M_0,M_3,M_3,M_3,M_3,M_3
26,265,5,0,130,0,75,M_1,M_2,M_0,M_1,M_3,M_1,M_0,M_3,M_0,M_3,M_2,M_1,M_1,M_1,M_1,M_1,M_2,M_2,M_2,M_2,M_2,M_2,M_0,M_0,M_0,M_0,M_0,M_3,M_3,M_3,M_3,M_3
26,266,6,0,130,0,75,M_1,M_2,M_0,M_1,M_3,M_1,M_0,M_3,M_0,M_3,M_2,M_1,M_1,M_1,M_1,M_1,M_2,M_2,M_2,M_2,M_2,M_2,M_0,M_0,M_0,M_0,M_0,M_3,M_3,M_3,M_3,M_3
26,267,7,2,132,1,76,M_1,M_2,M_0,M_1,M_3,M_1,M_0,M_3,M_0,M_3,M_0,M_1,M_1,M_1,M_1,M_1,M_2,M_2,M_2,M_2,M_2,M_2,M_0,M_0,M_0,M_0,M_2,M_3,M_3,M_3,M_3,M_3
26,268,8,0,132,0,76,M_1,M_2,M_0,M_1,M_3,M_1,M_0,M_3,M_0,M_3,M_0,M_1,M_1,M_1,M_1,M_1,M_2,M_2,M_2,M_2,M_2,M_2,M_0,M_0,M_0,M_0,M_2,M_3,M_3,M_3,M_3,M_3
26,269,9,0,132,0,76,M_1,M_2,M_0,M_1,M_3,M_1,M_0,M_3,M_0,M_3,M_0,M_1,M_1,M_1,M_1,M_1,M_2,M_2,M_2,M_2,M_2,M_2,M_0,M_0,M_0,M_0,M_2,M_3,M_3,M_3,M_3,M_3
26,270,10,0,132,0,76,M_1,M_2,M_0,M_1,M_3,M_1,M_0,M_3,M_0,M_3,M_0,M_1,M_1,M_1,M_1,M_1,M_2,M_2,M_2,M_2,M_2,M_2,M_0,M_0,M_0,M_0,M_2,M_3,M_3,M_3,M_3,M_3
27,270,0,0,132,0,76,M_1,M_2,M_0,M_1,M_3,M_1,M_0,M_3,M_0,M_3,M_0,M_1,M_1,M_1,M_1,M_1,M_2,M_2,M_2,M_2,M_2,M_2,M_0,M_0,M_0,M_0,M_2,M_3,M_3,M_3,M_3,M_3
27,271,1,3,135,0,79,M_1,M_2,M_0,M_0,M_3,M_1,M_0,M_3,M_0,M_3,M_2,M_1,M_1,M_1,M_1,M_1,M_1,M_2,M_2,M_2,M_2,M_2,M_0,M_0,M_0,M_0,M_2,M_3,M_3,M_3,M_3,M_3
27,272,2,2,137,1,80,M_1,M_2,M_0,M_0,M_3,M_1,M_0,M_2,M_0,M_3,M_3,M_1,M_1,M_1,M_1,M_1,M_1,M_2,M_2,M_2,M_2,M_2,M_0,M_0,M_0,M_0,M_2,M_3,M_3,M_3,M_3,M_3
27,273,3,0,137,0,80,M_1,M_2,M_0,M_0,M_3,M_1,M_0,M_2,M_0,M_3,M_3,M_1,M_1,M_1,M_1,M_1,M_1,M_2,M_2,M_2,M_2,M_2,M_0,M_0,M_0,M_0,M_2,M_3,M_3,M_3,M_3,M_3
27,274,4,0,137,0,80,M_1,M_2,M_0,M_0,M_3,M_1,M_0,M_2,M_0,M_3,M_3,M_1,M_1,M_1,M_1,M_1,M_1,M_2,M_2,M_2,M_2,M_2,M_0,M_0,M_0,M_0,M_2,M_3,M_3,M_3,M_3,M_3
27,275,5,0,137,0,80,M_1,M_2,M_0,M_0,M_3,M_1,M_0,M_2,M_0,M_3,M_3,M_1,M_1,M_1,M_1,M_1,M_1,M_2,M_2,M_2,M_2,M_2,M_0,M_0,M_0,M_0,M_2,M_3,M_3,M_3,M_3,M_3
27,276,6,0,137,0,80,M_1,M_2,M_0,M_0,M_3,M_1,M_0,M_2,M_0,M_3,M_3,M_1,M_1,M_1,M_1,M_1,M_1,M_2,M_2,M_2,M_2,M_2,M_0,M_0,M_0,M_0,M_2,M_3,M_3,M_3,M_3,M_3
27,277,7,0,137,0,80,M_1,M_2,M_0,M_0,M_3,M_1,M_0,M_2,M_0,M_3,M_3,M_1,M_1,M_1,M_1,M_1,M_1,M_2,M_2,M_2,M_2,M_2,M_0,M_0,M_0,M_0,M_2,M_3,M_3,M_3,M_3,M_3
27,278,8,0,137,0,80,M_1,M_2,M_0,M_0,M_3,M_1,M_0,M_2,M_0,M_3,M_3,M_1,M_1,M_1,M_1,M_1,M_1,M_2,M_2,M_2,M_2,M_2,M_0,M_0,M_0,M_0,M_2,M_3,M_3,M_3,M_3,M_3
27,279,9,0,137,0,80,M_1,M_2,M_0,M_0,M_3,M_1,M_0,M_2,M_0,M_3,M_3,M_1,M_1,M_1,M_1,M_1,M_1,M_2,M_2,M_2,M_2,M_2,M_0,M_0,M_0,M_0,M_2,M_3,M_3,M_3,M_3,M_3
27,280,10,0,137,0,80,M_1,M_2,M_0,M_0,M_3,M_1,M_0,M_2,M_0,M_3,M_3,M_1,M_1,M_1,M_1,M_1,M_1,M_2,M_2,M_2,M_2,M_2,M_0,M_0,M_0,M_0,M_2,M_3,M_3,M_3,M_3,M_3
28,280,0,0,137,0,80,M_1,M_2,M_0,M_0,M_3,M_1,M_0,M_2,M_0,M_3,M_3,M_1,M_1,M_1,M_1,M_1,M_1,M_2,M_2,M_2,M_2,M_2,M_0,M_0,M_0,M_0,M_2,M_3,M_3,M_3,M_3,M_3
28,281,1,3,140,0,83,M_1,M_2,M_0,M_1,M_3,M_1,M_0,M_2,M_0,M_3,M_3,M_2,M_1,M_1,M_1,M_1,M_1,M_2,M_2,M_2,M_2,M_2,M_0,M_0,M_0,M_0,M_0,M_3,M_3,M_3,M_3,M_3
28,282,2,0,140,0,83,M_1,M_2,M_0,M_1,M_3,M_1,M_0,M_2,M_0,M_3,M_3,M_2,M_1,M_1,M_1,M_1,M_1,M_2,M_2,M_2,M_2,M_2,M_0,M_0,M_0,M_0,M_0,M_3,M_3,M_3,M_3,M_3
28,283,3,0,140,0,83,M_1,M_2,M_0,M_1,M_3,M_1,M_0,M_2,M_0,M_3,M_3,M_2,M_1,M_1,M_1,M_1,M_1,M_2,M_2,M_2,M_2,M_2,M_0,M_0,M_0,M_0,M_0,M_3,M_3,M_3,M_3,M_3
28,284,4,0,140,0,83,M_1,M_2,M_0,M_1,M_3,M_1,M_0,M_2,M_0,M_3,M_3,M_2,M_1,M_1,M_1,M_1,M_1,M_2,M_2,M_2,M_2,M_2,M_0,M_0,M_0,M_0,M_0,M_3,M_3,M_3,M_3,M_3
28,285,5,0,140,0,83,M_1,M_2,M_0,M_1,M_3,M_1,M_0,M_2,M_0,M_3,M_3,M_2,M_1,M_1,M_1,M_1,M_1,M_2,M_2,M_2,M_2,M_2,M_0,M_0,M_0,M_0,M_0,M_3,M_3,M_3,M_3,M_3
28,286,6,2,142,1,84,M_1,M_2,M_0,M_1,M_3,M_1,M_0,M_2,M_2,M_3,M_3,M_0,M_1,M_1,M_1,M_1,M_1,M_2,M_2,M_2,M_2,M_2,M_0,M_0,M_0,M_0,M_0,M_3,M_3,M_3,M_3,M_3
28,287,7,0,142,0,84,M_1,M_2,M_0,M_1,M_3,M_1,M_0,M_2,M_2,M_3,M_3,M_0,M_1,M_1,M_1,M_1,M_1,M_2,M_2,M_2,M_2,M_2,M_0,M_0,M_0,M_0,M_0,M_3,M_3,M_3,M_3,M_3
28,288,8,0,142,0,84,M_1,M_2,M_0,M_1,M_3,M_1,M_0,M_2,M_2,M_3,M_3,M_0,M_1,M_1,M_1,M_1,M_1,M_2,M_2,M_2,M_2,M_2,M_0,M_0,M_0,M_0,M_0,M_3,M_3,M_3,M_3,M_3
28,289,9,0,142,0,84,M_1,M_2,M_0,M_1,M_3,M_1,M_0,M_2,M_2,M_3,M_3,M_0,M_1,M_1,M_1,M_1,M_1,M_2,M_2,M_2,M_2,M_2,M_0,M_0,M_0,M_0,M_0,M_3,M_3,M_3,M_3,M_3
28,290,10,0,142,0,84,M_1,M_2,M_0,M_1,M_3,M_1,M_0,M_2,M_2,M_3,M_3,M_0,M_1,M_1,M_1,M_1,M_1,M_2,M_2,M_2,M_2,M_2,M_0,M_0,M_0,M_0,M_0,M_3,M_3,M_3,M_3,M_3
29,290,0,0,142,0,84,M_1,M_2,M_0,M_1,M_3,M_1,M_0,M_2,M_2,M_3,M_3,M_0,M_1,M_1,M_1,M_1,M_1,M_2,M_2,M_2,M_2,M_2,M_0,M_0,M_0,M_0,M_0,M_3,M_3,M_3,M_3,M_3
29,291,1,2,144,1,85,M_1,M_2,M_0,M_1,M_0,M_1,M_0,M_2,M_2,M_3,M_3,M_3,M_1,M_1,M_1,M_1,M_1,M_2,M_2,M_2,M_2,M_2,M_0,M_0,M_0,M_0,M_0,M_3,M_3,M_3,M_3,M_3
29,292,2,0,144,0,85,M_1,M_2,M_0,M_1,M_0,M_1,M_0,M_2,M_2,M_3,M_3,M_3,M_1,M_1,M_1,M_1,M_1,M_2,M_2,M_2,M_2,M_2,M_0,M_0,M_0,M_0,M_0,M_3,M_3,M_3,M_3,M_3
29,293,3,0,144,0,85,M_1,M_2,M_0,M_1,M_0,M_1,M_0,M_2,M_2,M_3,M_3,M_3,M_1,M_1,M_1,M_1,M_1,M_2,M_2,M_2,M_2,M_2,M_0,M_0,M_0,M_0,M_0,M_3,M_3,M_3,M_3,M_3
29,294,4,0,144,0,85,M_1,M_2,M_0,M_1,M_0,M_1,M_0,M_2,M_2,M_3,M_3,M_3,M_1,M_1,M_1,M_1,M_1,M_2,M_2,M_2,M_2,M_2,M_0,M_0,M_0,M_0,M_0,M_3,M_3,M_3,M_3,M_3
29,295,5,0,144,0,85,M_1,M_2,M_0,M_1,M_0,M_1,M_0,M_2,M_2,M_3,M_3,M_3,M_1,M_1,M_1,M_1,M_1,M_2,M_2,M_2,M_2,M_2,M_0,M_0,M_0,M_0,M_0,M_3,M_3,M_3,M_3,M_3
29,296,6,0,144,0,85,M_1,M_2,M_0,M_1,M_0,M_1,M_0,M_2,M_2,M_3,M_3,M_3,M_1,M_1,M_1,M_1,M_1,M_2,M_2,M_2,M_2,M_2,M_0,M_0,M_0,M_0,M_0,M_3,M_3,M_3,M_3,M_3
29,297,7,0,144,0,85,M_1,M_2,M_0,M_1,M_0,M_1,M_0,M_2,M_2,M_3,M_3,M_3,M_1,M_1,M_1,M_1,M_1,M_2,M_2,M_2,M_2,M_2,M_0,M_0,M_0,M_0,M_0,M_3,M_3,M_3,M_3,M_3
29,298,8,0,144,0,85,M_1,M_2,M_0,M_1,M_0,M_1,M_0,M_2,M_2,M_3,M_3,M_3,M_1,M_1,M_1,M_1,M_1,M_2,M_2,M_2,M_2,M_2,M_0,M_0,M_0,M_0,M_0,M_3,M_3,M_3,M_3,M_3
29,299,9,2,146,1,86,M_1,M_2,M_0,M_1,M_0,M_1,M_0,M_2,M_2,M_3,M_3,M_3,M_2,M_1,M_1,M_1,M_1,M_2,M_2,M_2,M_2,M_1,M_0,M_0,M_0,M_0,M_0,M_3,M_3,M_3,M_3,M_3
29,300,10,0,146,0,86,M_1,M_2,M_0,M_1,M_0,M_1,M_0,M_2,M_2,M_3,M_3,M_3,M_2,M_1,M_1,M_1,M_1,M_2,M_2,M_2,M_2,M_1,M_0,M_0,M_0,M_0,M_0,M_3,M_3,M_3,M_3,M_3
30,300,0,0,146,0,86,M_1,M_2,M_0,M_1,M_0,M_1,M_0,M_2,M_2,M_3,M_3,M_3,M_2,M_1,M_1,M_1,M_1,M_2,M_2,M_2,M_2,M_1,M_0,M_0,M_0,M_0,M_0,M_3,M_3,M_3,M_3,M_3
30,301,1,2,148,1,87,M_1,M_2,M_0,M_1,M_0,M_1,M_0,M_2,M_2,M_3,M_3,M_3,M_2,M_1,M_1,M_1,M_1,M_2,M_1,M_2,M_2,M_2,M_0,M_0,M_0,M_0,M_0,M_3,M_3,M_3,M_3,M_3
30,302,2,0,148,0,87,M_1,M_2,M_0,M_1,M_0,M_1,M_0,M_2,M_2,M_3,M_3,M_3,M_2,M_1,M_1,M_1,M_1,M_2,M_1,M_2,M_2,M_2,M_0,M_0,M_0,M_0,M_0,M_3,M_3,M_3,M_3,M_3
30,303,3,0,148,0,87,M_1,M_2,M_0,M_1,M_0,M_1,M_0,M_2,M_2,M_3,M_3,M_3,M_2,M_1,M_1,M_1,M_1,M_2,M_1,M_2,M_2,M_2,M_0,M_0,M_0,M_0,M_0,M_3,M_3,M_3,M_3,M_3
30,304,4,2,150,1,88,M_1,M_2,M_2,M_1,M_0,M_1,M_0,M_2,M_2,M_3,M_3,M_3,M_0,M_1,M_1,M_1,M_1,M_2,M_1,M_2,M_2,M_2,M_0,M_0,M_0,M_0,M_0,M_3,M_3,M_3,M_3,M_3
30,305,5,0,150,0,88,M_1,M_2,M_2,M_1,M_0,M_1,M_0,M_2,M_2,M_3,M_3,M_3,M_0,M_1,M_1,M_1,M_1,M_2,M_1,M_2,M_2,M_2,M_0,M_0,M_0,M_0,M_0,M_3,M_3,M_3,M_3,M_3
30,306,6,0,150,0,88,M_1,M_2,M_2,M_1,M_0,M_1,M_0,M_2,M_2,M_3,M_3,M_3,M_0,M_1,M_1,M_1,M_1,M_2,M_1,M_2,M_2,M_2,M_0,M_0,M_0,M_0,M_0,M_3,M_3,M_3,M_3,M_3
30,307,7,0,150,0,88,M_1,M_2,M_2,M_1,M_0,M_1,M_0,M_2,M_2,M_3,M_3,M_3,M_0,M_1,M_1,M_1,M_1,M_2,M_1,M_2,M_2,M_2,M_0,M_0,M_0,M_0,M_0,M_3,M_3,M_3,M_3,M_3
30,308,8,0,150,0,88,M_1,M_2,M_2,M_1,M_0,M_1,M_0,M_2,M_2,M_3,M_3,M_3,M_0,M_1,M_1,M_1,M_1,M_2,M_1,M_2,M_2,M_2,M_0,M_0,M_0,M_0,M_0,M_3,M_3,M_3,M_3,M_3
30,309,9,2,152,1,89,M_1,M_2,M_2,M_1,M_0,M_1,M_0,M_2,M_2,M_3,M_3,M_3,M_3,M_1,M_1,M_1,M_1,M_2,M_1,M_2,M_2,M_2,M_0,M_0,M_0,M_0,M_0,M_3,M_3,M_0,M_3,M_3
30,310,10,0,152,0,89,M_1,M_2,M_2,M_1,M_0,M_1,M_0,M_2,M_2,M_3,M_3,M_3,M_3,M_1,M_1,M_1,M_1,M_2,M_1,M_2,M_2,M_2,M_0,M_0,M_0,M_0,M_0,M_3,M_3,M_0,M_3,M_3
31,310,0,0,152,0,89,M_1,M_2,M_2,M_1,M_0,M_1,M_0,M_2,M_2,M_3,M_3,M_3,M_3,M_1,M_1,M_1,M_1,M_2,M_1,M_2,M_2,M_2,M_0,M_0,M_0,M_0,M_0,M_3,M_3,M_0,M_3,M_3
31,311,1,4,156,2,91,M_1,M_2,M_2,M_2,M_0,M_1,M_0,M_2,M_2,M_0,M_3,M_3,M_3,M_1,M_1,M_1,M_1,M_1,M_1,M_2,M_2,M_2,M_0,M_0,M_0,M_0,M_0,M_3,M_3,M_3,M_3,M_3
31,312,2,0,156,0,91,M_1,M_2,M_2,M_2,M_0,M_1,M_0,M_2,M_2,M_0,M_3,M_3,M_3,M_1,M_1,M_1,M_1,M_1,M_1,M_2,M_2,M_2,M_0,M_0,M_0,M_0,M_0,M_3,M_3,M_3,M_3,M_3
31,313,3,0,156,0,91,M_1,M_2,M_2,M_2,M_0,M_1,M_0,M_2,M_2,M_0,M_3,M_3,M_3,M_1,M_1,M_1,M_1,M_1,M_1,M_2,M_2,M_2,M_0,M_0,M_0,M_0,M_0,M_3,M_3,M_3,M_3,M_3
31,314,4,0,156,0,91,M_1,M_2,M_2,M_2,M_0,M_1,M_0,M_2,M_2,M_0,M_3,M_3,M_3,M_1,M_1,M_1,M_1,M_1,M_1,M_2,M_2,M_2,M_0,M_0,M_0,M_0,M_0,M_3,M_3,M_3,M_3,M_3
31,315,5,0,156,0,91,M_1,M_2,M_2,M_2,M_0,M_1,M_0,M_2,M_2,M_0,M_3,M_3,M_3,M_1,M_1,M_1,M_1,M_1,M_1,M_2,M_2,M_2,M_0,M_0,M_0,M_0,M_0,M_3,M_3,M_3,M_3,M_3
31,316,6,0,156,0,91,M_1,M_2,M_2,M_2,M_0,M_1,M_0,M_2,M_2,M_0,M_3,M_3,M_3,M_1,M_1,M_1,M_1,M_1,M_1,M_2,M_2,M_2,M_0,M_0,M_0,M_0,M_0,M_3,M_3,M_3,M_3,M_3
31,317,7,0,156,0,91,M_1,M_2,M_2,M_2,M_0,M_1,M_0,M_2,M_2,M_0,M_3,M_3,M_3,M_1,M_1,M_1,M_1,M_1,M_1,M_2,M_2,M_2,M_0,M_0,M_0,M_0,M_0,M_3,M_3,M_3,M_3,M_3
31,318,8,2,158,1,92,M_1,M_2,M_2,M_2,M_0,M_1,M_0,M_2,M_1,M_0,M_3,M_3,M_3,M_2,M_1,M_1,M_1,M_1,M_1,M_2,M_2,M_2,M_0,M_0,M_0,M_0,M_0,M_3,M_3,M_3,M_3,M_3
31,319,9,0,158,0,92,M_1,M_2,M_2,M_2,M_0,M_1,M_0,M_2,M_1,M_0,M_3,M_3,M_3,M_2,M_1,M_1,M_1,M_1,M_1,M_2,M_2,M_2,M_0,M_0,M_0,M_0,M_0,M_3,M_3,M_3,M_3,M_3
31,320,10,0,158,0,92,M_1,M_2,M_2,M_2,M_0,M_1,M_0,M_2,M_1,M_0,M_3,M_3,M_3,M_2,M_1,M_1,M_1,M_1,M_1,M_2,M_2,M_2,M_0,M_0,M_0,M_0,M_0,M_3,M_3,M_3,M_3,M_3
32,320,0,0,158,0,92,M_1,M_2,M_2,M_2,M_0,M_1,M_0,M_2,M_1,M_0,M_3,M_3,M_3,M_2,M_1,M_1,M_1,M_1,M_1,M_2,M_2,M_2,M_0,M_0,M_0,M_0,M_0,M_3,M_3,M_3,M_3,M_3
32,321,1,2,160,1,93,M_1,M_2,M_2,M_2,M_0,M_1,M_0,M_2,M_1,M_2,M_3,M_3,M_3,M_0,M_1,M_1,M_1,M_1,M_1,M_2,M_2,M_2,M_0,M_0,M_0,M_0,M_0,M_3,M_3,M_3,M_3,M_3
32,322,2,0,160,0,93,M_1,M_2,M_2,M_2,M_0,M_1,M_0,M_2,M_1,M_2,M_3,M_3,M_3,M_0,M_1,M_1,M_1,M_1,M_1,M_2,M_2,M_2,M_0,M_0,M_0,M_0,M_0,M_3,M_3,M_3,M_3,M_3
32,323,3,0,160,0,93,M_1,M_2,M_2,M_2,M_0,M_1,M_0,M_2,M_1,M_2,M_3,M_3,M_3,M_0,M_1,M_1,M_1,M_1,M_1,M_2,M_2,M_2,M_0,M_0,M_0,M_0,M_0,M_3,M_3,M_3,M_3,M_3
32,324,4,0,160,0,93,M_1,M_2,M_2,M_2,M_0,M_1,M_0,M_2,M_1,M_2,M_3,M_3,M_3,M_0,M_1,M_1,M_1,M_1,M_1,M_2,M_2,M_2,M_0,M_0,M_0,M_0,M_0,M_3,M_3,M_3,M_3,M_3
32,325,5,0,160,0,93,M_1,M_2,M_2,M_2,M_0,M_1,M_0,M_2,M_1,M_2,M_3,M_3,M_3,M_0,M_1,M_1,M_1,M_1,M_1,M_2,M_2,M_2,M_0,M_0,M_0,M_0,M_0,M_3,M_3,M_3,M_3,M_3
32,326,6,2,162,1,94,M_1,M_2,M_2,M_2,M_0,M_1,M_0,M_2,M_1,M_2,M_3,M_0,M_3,M_3,M_1,M_1,M_1,M_1,M_1,M_2,M_2,M_2,M_0,M_0,M_0,M_0,M_0,M_3,M_3,M_3,M_3,M_3
32,327,7,0,162,0,94,M_1,M_2,M_2,M_2,M_0,M_1,M_0,M_2,M_1,M_2,M_3,M_0,M_3,M_3,M_1,M_1,M_1,M_1,M_1,M_2,M_2,M_2,M_0,M_0,M_0,M_0,M_0,M_3,M_3,M_3,M_3,M_3
32,328,8,0,162,0,94,M_1,M_2,M_2,M_2,M_0,M_1,M_0,M_2,M_1,M_2,M_3,M_0,M_3,M_3,M_1,M_1,M_1,M_1,M_1,M_2,M_2,M_2,M_0,M_0,M_0,M_0,M_0,M_3,M_3,M_3,M_3,M_3
32,329,9,0,162,0,94,M_1,M_2,M_2,M_2,M_0,M_1,M_0,M_2,M_1,M_2,M_3,M_0,M_3,M_3,M_1,M_1,M_1,M_1,M_1,M_2,M_2,M_2,M_0,M_0,M_0,M_0,M_0,M_3,M_3,M_3,M_3,M_3
32,330,10,0,162,0,94,M_1,M_2,M_2,M_2,M_0,M_1,M_0,M_2,M_1,M_2,M_3,M_0,M_3,M_3,M_1,M_1,M_1,M_1,M_1,M_2,M_2,M_2,M_0,M_0,M_0,M_0,M_0,M_3,M_3,M_3,M_3,M_3
33,330,0,0,162,0,94,M_1,M_2,M_2,M_2,M_0,M_1,M_0,M_2,M_1,M_2,M_3,M_0,M_3,M_3,M_1,M_1,M_1,M_1,M_1,M_2,M_2,M_2,M_0,M_0,M_0,M_0,M_0,M_3,M_3,M_3,M_3,M_3
33,331,1,0,162,0,94,M_1,M_2,M_2,M_2,M_0,M_1,M_0,M_2,M_1,M_2,M_3,M_0,M_3,M_3,M_1,M_1,M_1,M_1,M_1,M_2,M_2,M_2,M_0,M_0,M_0,M_0,M_0,M_3,M_3,M_3,M_3,M_3
33,332,2,0,162,0,94,M_1,M_2,M_2,M_2,M_0,M_1,M_0,M_2,M_1,M_2,M_3,M_0,M_3,M_3,M_1,M_1,M_1,M_1,M_1,M_2,M_2,M_2,M_0,M_0,M_0,M_0,M_0,M_3,M_3,M_3,M_3,M_3
33,333,3,0,162,0,94,M_1,M_2,M_2,M_2,M_0,M_1,M_0,M_2,M_1,M_2,M_3,M_0,M_3,M_3,M_1,M_1,M_1,M_1,M_1,M_2,M_2,M_2,M_0,M_0,M_0,M_0,M_0,M_3,M_3,M_3,M_3,M_3
33,334,4,2,164,1,95,M_1,M_2,M_2,M_1,M_0,M_1,M_0,M_2,M_1,M_2,M_3,M_0,M_3,M_3,M_2,M_1,M_1,M_1,M_1,M_2,M_2,M_2,M_0,M_0,M_0,M_0,M_0,M_3,M_3,M_3,M_3,M_3
33,335,5,0,164,0,95,M_1,M_2,M_2,M_1,M_0,M_1,M_0,M_2,M_1,M_2,M_3,M_0,M_3,M_3,M_2,M_1,M_1,M_1,M_1,M_2,M_2,M_2,M_0,M_0,M_0,M_0,M_0,M_3,M_3,M_3,M_3,M_3
33,336,6,0,164,0,95,M_1,M_2,M_2,M_1,M_0,M_1,M_0,M_2,M_1,M_2,M_3,M_0,M_3,M_3,M_2,M_1,M_1,M_1,M_1,M_2,M_2,M_2,M_0,M_0,M_0,M_0,M_0,M_3,M_3,M_3,M_3,M_3
33,337,7,2,166,1,96,M_1,M_2,M_2,M_1,M_0,M_1,M_0,M_2,M_1,M_2,M_3,M_2,M_3,M_3,M_0,M_1,M_1,M_1,M_1,M_2,M_2,M_2,M_0,M_0,M_0,M_0,M_0,M_3,M_3,M_3,M_3,M_3
33,338,8,0,166,0,96,M_1,M_2,M_2,M_1,M_0,M_1,M_0,M_2,M_1,M_2,M_3,M_2,M_3,M_3,M_0,M_1,M_1,M_1,M_1,M_2,M_2,M_2,M_0,M_0,M_0,M_0,M_0,M_3,M_3,M_3,M_3,M_3
33,339,9,0,166,0,96,M_1,M_2,M_2,M_1,M_0,M_1,M_0,M_2,M_1,M_2,M_3,M_2,M_3,M_3,M_0,M_1,M_1,M_1,M_1,M_2,M_2,M_2,M_0,M_0,M_0,M_0,M_0,M_3,M_3,M_3,M_3,M_3
33,340,10,0,166,0,96,M_1,M_2,M_2,M_1,M_0,M_1,M_0,M_2,M_1,M_2,M_3,M_2,M_3,M_3,M_0,M_1,M_1,M_1,M_1,M_2,M_2,M_2,M_0,M_0,M_0,M_0,M_0,M_3,M_3,M_3,M_3,M_3
34,340,0,0,166,0,96,M_1,M_2,M_2,M_1,M_0,M_1,M_0,M_2,M_1,M_2,M_3,M_2,M_3,M_3,M_0,M_1,M_1,M_1,M_1,M_2,M_2,M_2,M_0,M_0,M_0,M_0,M_0,M_3,M_3,M_3,M_3,M_3
34,341,1,0,166,0,96,M_1,M_2,M_2,M_1,M_0,M_1,M_0,M_2,M_1,M_2,M_3,M_2,M_3,M_3,M_0,M_1,M_1,M_1,M_1,M_2,M_2,M_2,M_0,M_0,M_0,M_0,M_0,M_3,M_3,M_3,M_3,M_3
34,342,2,2,168,1,97,M_1,M_2,M_2,M_1,M_0,M_1,M_0,M_2,M_1,M_2,M_3,M_2,M_0,M_3,M_3,M_1,M_1,M_1,M_1,M_2,M_2,M_2,M_0,M_0,M_0,M_0,M_0,M_3,M_3,M_3,M_3,M_3
34,343,3,0,168,0,97,M_1,M_2,M_2,M_1,M_0,M_1,M_0,M_2,M_1,M_2,M_3,M_2,M_0,M_3,M_3,M_1,M_1,M_1,M_1,M_2,M_2,M_2,M_0,M_0,M_0,M_0,M_0,M_3,M_3,M_3,M_3,M_3
34,344,4,0,168,0,97,M_1,M_2,M_2,M_1,M_0,M_1,M_0,M_2,M_1,M_2,M_3,M_2,M_0,M_3,M_3,M_1,M_1,M_1,M_1,M_2,M_2,M_2,M_0,M_0,M_0,M_0,M_0,M_3,M_3,M_3,M_3,M_3
34,345,5,0,168,0,97,M_1,M_2,M_2,M_1,M_0,M_1,M_0,M_2,M_1,M_2,M_3,M_2,M_0,M_3,M_3,M_1,M_1,M_1,M_1,M_2,M_2,M_2,M_0,M_0,M_0,M_0,M_0,M_3,M_3,M_3,M_3,M_3
34,346,6,0,168,0,97,M_1,M_2,M_2,M_1,M_0,M_1,M_0,M_2,M_1,M_2,M_3,M_2,M_0,M_3,M_3,M_1,M_1,M_1,M_1,M_2,M_2,M_2,M_0,M_0,M_0,M_0,M_0,M_3,M_3,M_3,M_3,M_3
34,347,7,0,168,0,97,M_1,M_2,M_2,M_1,M_0,M_1,M_0,M_2,M_1,M_2,M_3,M_2,M_0,M_3,M_3,M_1,M_1,M_1,M_1,M_2,M_2,M_2,M_0,M_0,M_0,M_0,M_0,M_3,M_3,M_3,M_3,M_3
34,348,8,0,168,0,97,M_1,M_2,M_2,M_1,M_0,M_1,M_0,M_2,M_1,M_2,M_3,M_2,M_0,M_3,M_3,M_1,M_1,M_1,M_1,M_2,M_2,M_2,M_0,M_0,M_0,M_0,M_0,M_3,M_3,M_3,M_3,M_3
34,349,9,2,170,1,98,M_1,M_2,M_2,M_1,M_0,M_1,M_0,M_1,M_1,M_2,M_3,M_2,M_0,M_3,M_3,M_2,M_1,M_1,M_1,M_2,M_2,M_2,M_0,M_0,M_0,M_0,M_0,M_3,M_3,M_3,M_3,M_3
34,350,10,0,170,0,98,M_1,M_2,M_2,M_1,M_0,M_1,M_0,M_1,M_1,M_2,M_3,M_2,M_0,M_3,M_3,M_2,M_1,M_1,M_1,M_2,M_2,M_2,M_0,M_0,M_0,M_0,M_0,M_3,M_3,M_3,M_3,M_3
35,350,0,0,170,0,98,M_1,M_2,M_2,M_1,M_0,M_1,M_0,M_1,M_1,M_2,M_3,M_2,M_0,M_3,M_3,M_2,M_1,M_1,M_1,M_2,M_2,M_2,M_0,M_0,M_0,M_0,M_0,M_3,M_3,M_3,M_3,M_3
35,351,1,0,170,0,98,M_1,M_2,M_2,M_1,M_0,M_1,M_0,M_1,M_1,M_2,M_3,M_2,M_0,M_3,M_3,M_2,M_1,M_1,M_1,M_2,M_2,M_2,M_0,M_0,M_0,M_0,M_0,M_3,M_3,M_3,M_3,M_3
35,352,2,2,172,1,99,M_1,M_2,M_2,M_1,M_0,M_1,M_2,M_1,M_1,M_2,M_3,M_2,M_0,M_3,M_3,M_0,M_1,M_1,M_1,M_2,M_2,M_2,M_0,M_0,M_0,M_0,M_0,M_3,M_3,M_3,M_3,M_3
35,353,3,0,172,0,99,M_1,M_2,M_2,M_1,M_0,M_1,M_2,M_1,M_1,M_2,M_3,M_2,M_0,M_3,M_3,M_0,M_1,M_1,M_1,M_2,M_2,M_2,M_0,M_0,M_0,M_0,M_0,M_3,M_3,M_3,M_3,M_3
35,354,4,0,172,0,99,M_1,M_2,M_2,M_1,M_0,M_1,M_2,M_1,M_1,M_2,M_3,M_2,M_0,M_3,M_3,M_0,M_1,M_1,M_1,M_2,M_2,M_2,M_0,M_0,M_0,M_0,M_0,M_3,M_3,M_3,M_3,M_3
35,355,5,0,172,0,99,M_1,M_2,M_2,M_1,M_0,M_1,M_2,M_1,M_1,M_2,M_3,M_2,M_0,M_3,M_3,M_0,M_1,M_1,M_1,M_2,M_2,M_2,M_0,M_0,M_0,M_0,M_0,M_3,M_3,M_3,M_3,M_3
35,356,6,0,172,0,99,M_1,M_2,M_2,M_1,M_0,M_1,M_2,M_1,M_1,M_2,M_3,M_2,M_0,M_3,M_3,M_0,M_1,M_1,M_1,M_2,M_2,M_2,M_0,M_0,M_0,M_0,M_0,M_3,M_3,M_3,M_3,M_3
35,357,7,2,174,1,100,M_1,M_2,M_2,M_1,M_0,M_1,M_2,M_1,M_1,M_2,M_3,M_2,M_0,M_0,M_3,M_3,M_1,M_1,M_1,M_2,M_2,M_2,M_0,M_0,M_0,M_0,M_0,M_3,M_3,M_3,M_3,M_3
35,358,8,0,174,0,100,M_1,M_2,M_2,M_1,M_0,M_1,M_2,M_1,M_1,M_2,M_3,M_2,M_0,M_0,M_3,M_3,M_1,M_1,M_1,M_2,M_2,M_2,M_0,M_0,M_0,M_0,M_0,M_3,M_3,M_3,M_3,M_3
35,359,9,0,174,0,100,M_1,M_2,M_2,M_1,M_0,M_1,M_2,M_1,M_1,M_2,M_3,M_2,M_0,M_0,M_3,M_3,M_1,M_1,M_1,M_2,M_2,M_2,M_0,M_0,M_0,M_0,M_0,M_3,M_3,M_3,M_3,M_3
35,360,10,0,174,0,100,M_1,M_2,M_2,M_1,M_0,M_1,M_2,M_1,M_1,M_2,M_3,M_2,M_0,M_0,M_3,M_3,M_1,M_1,M_1,M_2,M_2,M_2,M_0,M_0,M_0,M_0,M_0,M_3,M_3,M_3,M_3,M_3
36,360,0,0,174,0,100,M_1,M_2,M_2,M_1,M_0,M_1,M_2,M_1,M_1,M_2,M_3,M_2,M_0,M_0,M_3,M_3,M_1,M_1,M_1,M_2,M_2,M_2,M_0,M_0,M_0,M_0,M_0,M_3,M_3,M_3,M_3,M_3
36,361,1,0,174,0,100,M_1,M_2,M_2,M_1,M_0,M_1,M_2,M_1,M_1,M_2,M_3,M_2,M_0,M_0,M_3,M_3,M_1,M_1,M_1,M_2,M_2,M_2,M_0,M_0,M_0,M_0,M_0,M_3,M_3,M_3,M_3,M_3
36,362,2,0,174,0,100,M_1,M_2,M_2,M_1,M_0,M_1,M_2,M_1,M_1,M_2,M_3,M_2,M_0,M_0,M_3,M_3,M_1,M_1,M_1,M_2,M_2,M_2,M_0,M_0,M_0,M_0,M_0,M_3,M_3,M_3,M_3,M_3
36,363,3,2,176,1,101,M_1,M_2,M_2,M_1,M_0,M_1,M_2,M_1,M_1,M_1,M_3,M_2,M_0,M_0,M_3,M_3,M_2,M_1,M_1,M_2,M_2,M_2,M_0,M_0,M_0,M_0,M_0,M_3,M_3,M_3,M_3,M_3
36,364,4,0,176,0,101,M_1,M_2,M_2,M_1,M_0,M_1,M_2,M_1,M_1,M_1,M_3,M_2,M_0,M_0,M_3,M_3,M_2,M_1,M_1,M_2,M_2,M_2,M_0,M_0,M_0,M_0,M_0,M_3,M_3,M_3,M_3,M_3
36,365,5,0,176,0,101,M_1,M_2,M_2,M_1,M_0,M_1,M_2,M_1,M_1,M_1,M_3,M_2,M_0,M_0,M_3,M_3,M_2,M_1,M_1,M_2,M_2,M_2,M_0,M_0,M_0,M_0,M_0,M_3,M_3,M_3,M_3,M_3
36,366,6,2,178,1,102,M_1,M_2,M_2,M_1,M_2,M_1,M_2,M_1,M_1,M_1,M_3,M_2,M_0,M_0,M_3,M_3,M_0,M_1,M_1,M_2,M_2,M_2,M_0,M_0,M_0,M_0,M_0,M_3,M_3,M_3,M_3,M_3
36,367,7,0,178,0,102,M_1,M_2,M_2,M_1,M_2,M_1,M_2,M_1,M_1,M_1,M_3,M_2,M_0,M_0,M_3,M_3,M_0,M_1,M_1,M_2,M_2,M_2,M_0,M_0,M_0,M_0,M_0,M_3,M_3,M_3,M_3,M_3
36,368,8,0,178,0,102,M_1,M_2,M_2,M_1,M_2,M_1,M_2,M_1,M_1,M_1,M_3,M_2,M_0,M_0,M_3,M_3,M_0,M_1,M_1,M_2,M_2,M_2,M_0,M_0,M_0,M_0,M_0,M_3,M_3,M_3,M_3,M_3
36,369,9,0,178,0,102,M_1,M_2,M_2,M_1,M_2,M_1,M_2,M_1,M_1,M_1,M_3,M_2,M_0,M_0,M_3,M_3,M_0,M_1,M_1,M_2,M_2,M_2,M_0,M_0,M_0,M_0,M_0,M_3,M_3,M_3,M_3,M_3
36,370,10,0,178,0,102,M_1,M_2,M_2,M_1,M_2,M_1,M_2,M_1,M_1,M_1,M_3,M_2,M_0,M_0,M_3,M_3,M_0,M_1,M_1,M_2,M_2,M_2,M_0,M_0,M_0,M_0,M_0,M_3,M_3,M_3,M_3,M_3
37,370,0,0,178,0,102,M_1,M_2,M_2,M_1,M_2,M_1,M_2,M_1,M_1,M_1,M_3,M_2,M_0,M_0,M_3,M_3,M_0,M_1,M_1,M_2,M_2,M_2,M_0,M_0,M_0,M_0,M_0,M_3,M_3,M_3,M_3,M_3
37,371,1,2,180,1,103,M_1,M_2,M_2,M_1,M_2,M_1,M_2,M_1,M_1,M_1,M_0,M_2,M_0,M_0,M_3,M_3,M_3,M_1,M_1,M_2,M_2,M_2,M_0,M_0,M_0,M_0,M_0,M_3,M_3,M_3,M_3,M_3
37,372,2,0,180,0,103,M_1,M_2,M_2,M_1,M_2,M_1,M_2,M_1,M_1,M_1,M_0,M_2,M_0,M_0,M_3,M_3,M_3,M_1,M_1,M_2,M_2,M_2,M_0,M_0,M_0,M_0,M_0,M_3,M_3,M_3,M_3,M_3
37,373,3,0,180,0,103,M_1,M_2,M_2,M_1,M_2,M_1,M_2,M_1,M_1,M_1,M_0,M_2,M_0,M_0,M_3,M_3,M_3,M_1,M_1,M_2,M_2,M_2,M_0,M_0,M_0,M_0,M_0,M_3,M_3,M_3,M_3,M_3
37,374,4,0,180,0,103,M_1,M_2,M_2,M_1,M_2,M_1,M_2,M_1,M_1,M_1,M_0,M_2,M_0,M_0,M_3,M_3,M_3,M_1,M_1,M_2,M_2,M_2,M_0,M_0,M_0,M_0,M_0,M_3,M_3,M_3,M_3,M_3
37,375,5,0,180,0,103,M_1,M_2,M_2,M_1,M_2,M_1,M_2,M_1,M_1,M_1,M_0,M_2,M_0,M_0,M_3,M_3,M_3,M_1,M_1,M_2,M_2,M_2,M_0,M_0,M_0,M_0,M_0,M_3,M_3,M_3,M_3,M_3
37,376,6,2,182,1,104,M_1,M_2,M_1,M_1,M_2,M_1,M_2,M_1,M_1,M_1,M_0,M_2,M_0,M_0,M_3,M_3,M_3,M_2,M_1,M_2,M_2,M_2,M_0,M_0,M_0,M_0,M_0,M_3,M_3,M_3,M_3,M_3
37,377,7,0,182,0,104,M_1,M_2,M_1,M_1,M_2,M_1,M_2,M_1,M_1,M_1,M_0,M_2,M_0,M_0,M_3,M_3,M_3,M_2,M_1,M_2,M_2,M_2,M_0,M_0,M_0,M_0,M_0,M_3,M_3,M_3,M_3,M_3
37,378,8,0,182,0,104,M_1,M_2,M_1,M_1,M_2,M_1,M_2,M_1,M_1,M_1,M_0,M_2,M_0,M_0,M_3,M_3,M_3,M_2,M_1,M_2,M_2,M_2,M_0,M_0,M_0,M_0,M_0,M_3,M_3,M_3,M_3,M_3
37,379,9,2,184,1,105,M_1,M_2,M_1,M_1,M_2,M_1,M_2,M_1,M_1,M_1,M_0,M_2,M_0,M_0,M_3,M_3,M_3,M_0,M_1,M_2,M_2,M_2,M_0,M_0,M_0,M_2,M_0,M_3,M_3,M_3,M_3,M_3
37,380,10,0,184,0,105,M_1,M_2,M_1,M_1,M_2,M_1,M_2,M_1,M_1,M_1,M_0,M_2,M_0,M_0,M_3,M_3,M_3,M_0,M_1,M_2,M_2,M_2,M_0,M_0,M_0,M_2,M_0,M_3,M_3,M_3,M_3,M_3
38,380,0,0,184,0,105,M_1,M_2,M_1,M_1,M_2,M_1,M_2,M_1,M_1,M_1,M_0,M_2,M_0,M_0,M_3,M_3,M_3,M_0,M_1,M_2,M_2,M_2,M_0,M_0,M_0,M_2,M_0,M_3,M_3,M_3,M_3,M_3
38,381,1,3,187,0,108,M_1,M_2,M_1,M_1,M_2,M_1,M_2,M_1,M_1,M_1,M_0,M_2,M_0,M_1,M_3,M_3,M_3,M_0,M_2,M_2,M_2,M_2,M_0,M_0,M_0,M_0,M_0,M_3,M_3,M_3,M_3,M_3
38,382,2,0,187,0,108,M_1,M_2,M_1,M_1,M_2,M_1,M_2,M_1,M_1,M_1,M_0,M_2,M_0,M_1,M_3,M_3,M_3,M_0,M_2,M_2,M_2,M_2,M_0,M_0,M_0,M_0,M_0,M_3,M_3,M_3,M_3,M_3
38,383,3,0,187,0,108,M_1,M_2,M_1,M_1,M_2,M_1,M_2,M_1,M_1,M_1,M_0,M_2,M_0,M_1,M_3,M_3,M_3,M_0,M_2,M_2,M_2,M_2,M_0,M_0,M_0,M_0,M_0,M_3,M_3,M_3,M_3,M_3
38,384,4,2,189,1,109,M_1,M_2,M_1,M_1,M_2,M_1,M_2,M_1,M_1,M_1,M_0,M_2,M_0,M_1,M_0,M_3,M_3,M_3,M_2,M_2,M_2,M_2,M_0,M_0,M_0,M_0,M_0,M_3,M_3,M_3,M_3,M_3
38,385,5,0,189,0,109,M_1,M_2,M_1,M_1,M_2,M_1,M_2,M_1,M_1,M_1,M_0,M_2,M_0,M_1,M_0,M_3,M_3,M_3,M_2,M_2,M_2,M_2,M_0,M_0,M_0,M_0,M_0,M_3,M_3,M_3,M_3,M_3
38,386,6,0,189,0,109,M_1,M_2,M_1,M_1,M_2,M_1,M_2,M_1,M_1,M_1,M_0,M_2,M_0,M_1,M_0,M_3,M_3,M_3,M_2,M_2,M_2,M_2,M_0,M_0,M_0,M_0,M_0,M_3,M_3,M_3,M_3,M_3
38,387,7,0,189,0,109,M_1,M_2,M_1,M_1,M_2,M_1,M_2,M_1,M_1,M_1,M_0,M_2,M_0,M_1,M_0,M_3,M_3,M_3,M_2,M_2,M_2,M_2,M_0,M_0,M_0,M_0,M_0,M_3,M_3,M_3,M_3,M_3
38,388,8,0,189,0,109,M_1,M_2,M_1,M_1,M_2,M_1,M_2,M_1,M_1,M_1,M_0,M_2,M_0,M_1,M_0,M_3,M_3,M_3,M_2,M_2,M_2,M_2,M_0,M_0,M_0,M_0,M_0,M_3,M_3,M_3,M_3,M_3
38,389,9,0,189,0,109,M_1,M_2,M_1,M_1,M_2,M_1,M_2,M_1,M_1,M_1,M_0,M_2,M_0,M_1,M_0,M_3,M_3,M_3,M_2,M_2,M_2,M_2,M_0,M_0,M_0,M_0,M_0,M_3,M_3,M_3,M_3,M_3
38,390,10,0,189,0,109,M_1,M_2,M_1,M_1,M_2,M_1,M_2,M_1,M_1,M_1,M_0,M_2,M_0,M_1,M_0,M_3,M_3,M_3,M_2,M_2,M_2,M_2,M_0,M_0,M_0,M_0,M_0,M_3,M_3,M_3,M_3,M_3
39,390,0,0,189,0,109,M_1,M_2,M_1,M_1,M_2,M_1,M_2,M_1,M_1,M_1,M_0,M_2,M_0,M_1,M_0,M_3,M_3,M_3,M_2,M_2,M_2,M_2,M_0,M_0,M_0,M_0,M_0,M_3,M_3,M_3,M_3,M_3
39,391,1,2,191,1,110,M_1,M_2,M_1,M_1,M_2,M_1,M_2,M_1,M_1,M_1,M_0,M_2,M_0,M_1,M_2,M_3,M_3,M_3,M_0,M_2,M_2,M_2,M_0,M_0,M_0,M_0,M_0,M_3,M_3,M_3,M_3,M_3
39,392,2,0,191,0,110,M_1,M_2,M_1,M_1,M_2,M_1,M_2,M_1,M_1,M_1,M_0,M_2,M_0,M_1,M_2,M_3,M_3,M_3,M_0,M_2,M_2,M_2,M_0,M_0,M_0,M_0,M_0,M_3,M_3,M_3,M_3,M_3
39,393,3,0,191,0,110,M_1,M_2,M_1,M_1,M_2,M_1,M_2,M_1,M_1,M_1,M_0,M_2,M_0,M_1,M_2,M_3,M_3,M_3,M_0,M_2,M_2,M_2,M_0,M_0,M_0,M_0,M_0,M_3,M_3,M_3,M_3,M_3
39,394,4,0,191,0,110,M_1,M_2,M_1,M_1,M_2,M_1,M_2,M_1,M_1,M_1,M_0,M_2,M_0,M_1,M_2,M_3,M_3,M_3,M_0,M_2,M_2,M_2,M_0,M_0,M_0,M_0,M_0,M_3,M_3,M_3,M_3,M_3
39,395,5,0,191,0,110,M_1,M_2,M_1,M_1,M_2,M_1,M_2,M_1,M_1,M_1,M_0,M_2,M_0,M_1,M_2,M_3,M_3,M_3,M_0,M_2,M_2,M_2,M_0,M_0,M_0,M_0,M_0,M_3,M_3,M_3,M_3,M_3
39,396,6,2,193,1,111,M_1,M_2,M_1,M_1,M_2,M_1,M_2,M_1,M_1,M_1,M_0,M_2,M_0,M_1,M_2,M_3,M_0,M_3,M_3,M_2,M_2,M_2,M_0,M_0,M_0,M_0,M_0,M_3,M_3,M_3,M_3,M_3
39,397,7,0,193,0,111,M_1,M_2,M_1,M_1,M_2,M_1,M_2,M_1,M_1,M_1,M_0,M_2,M_0,M_1,M_2,M_3,M_0,M_3,M_3,M_2,M_2,M_2,M_0,M_0,M_0,M_0,M_0,M_3,M_3,M_3,M_3,M_3
39,398,8,0,193,0,111,M_1,M_2,M_1,M_1,M_2,M_1,M_2,M_1,M_1,M_1,M_0,M_2,M_0,M_1,M_2,M_3,M_0,M_3,M_3,M_2,M_2,M_2,M_0,M_0,M_0,M_0,M_0,M_3,M_3,M_3,M_3,M_3
39,399,9,0,193,0,111,M_1,M_2,M_1,M_1,M_2,M_1,M_2,M_1,M_1,M_1,M_0,M_2,M_0,M_1,M_2,M_3,M_0,M_3,M_3,M_2,M_2,M_2,M_0,M_0,M_0,M_0,M_0,M_3,M_3,M_3,M_3,M_3
39,400,10,0,193,0,111,M_1,M_2,M_1,M_1,M_2,M_1,M_2,M_1,M_1,M_1,M_0,M_2,M_0,M_1,M_2,M_3,M_0,M_3,M_3,M_2,M_2,M_2,M_0,M_0,M_0,M_0,M_0,M_3,M_3,M_3,M_3,M_3
40,400,0,0,193,0,111,M_1,M_2,M_1,M_1,M_2,M_1,M_2,M_1,M_1,M_1,M_0,M_2,M_0,M_1,M_2,M_3,M_0,M_3,M_3,M_2,M_2,M_2,M_0,M_0,M_0,M_0,M_0,M_3,M_3,M_3,M_3,M_3
40,401,1,0,193,0,111,M_1,M_2,M_1,M_1,M_2,M_1,M_2,M_1,M_1,M_1,M_0,M_2,M_0,M_1,M_2,M_3,M_0,M_3,M_3,M_2,M_2,M_2,M_0,M_0,M_0,M_0,M_0,M_3,M_3,M_3,M_3,M_3
40,402,2,2,195,1,112,M_1,M_2,M_1,M_1,M_2,M_1,M_2,M_1,M_1,M_1,M_0,M_2,M_0,M_1,M_2,M_3,M_2,M_3,M_3,M_0,M_2,M_2,M_0,M_0,M_0,M_0,M_0,M_3,M_3,M_3,M_3,M_3
40,403,3,0,195,0,112,M_1,M_2,M_1,M_1,M_2,M_1,M_2,M_1,M_1,M_1,M_0,M_2,M_0,M_1,M_2,M_3,M_2,M_3,M_3,M_0,M_2,M_2,M_0,M_0,M_0,M_0,M_0,M_3,M_3,M_3,M_3,M_3
40,404,4,0,195,0,112,M_1,M_2,M_1,M_1,M_2,M_1,M_2,M_1,M_1,M_1,M_0,M_2,M_0,M_1,M_2,M_3,M_2,M_3,M_3,M_0,M_2,M_2,M_0,M_0,M_0,M_0,M_0,M_3,M_3,M_3,M_3,M_3
40,405,5,0,195,0,112,M_1,M_2,M_1,M_1,M_2,M_1,M_2,M_1,M_1,M_1,M_0,M_2,M_0,M_1,M_2,M_3,M_2,M_3,M_3,M_0,M_2,M_2,M_0,M_0,M_0,M_0,M_0,M_3,M_3,M_3,M_3,M_3
40,406,6,0,195,0,112,M_1,M_2,M_1,M_1,M_2,M_1,M_2,M_1,M_1,M_1,M_0,M_2,M_0,M_1,M_2,M_3,M_2,M_3,M_3,M_0,M_2,M_2,M_0,M_0,M_0,M_0,M_0,M_3,M_3,M_3,M_3,M_3
40,407,7,2,197,1,113,M_1,M_2,M_1,M_1,M_2,M_1,M_2,M_1,M_1,M_1,M_0,M_2,M_0,M_1,M_2,M_3,M_2,M_0,M_3,M_3,M_2,M_2,M_0,M_0,M_0,M_0,M_0,M_3,M_3,M_3,M_3,M_3
40,408,8,0,197,0,113,M_1,M_2,M_1,M_1,M_2,M_1,M_2,M_1,M_1,M_1,M_0,M_2,M_0,M_1,M_2,M_3,M_2,M_0,M_3,M_3,M_2,M_2,M_0,M_0,M_0,M_0,M_0,M_3,M_3,M_3,M_3,M_3
40,409,9,0,197,0,113,M_1,M_2,M_1,M_1,M_2,M_1,M_2,M_1,M_1,M_1,M_0,M_2,M_0,M_1,M_2,M_3,M_2,M_0,M_3,M_3,M_2,M_2,M_0,M_0,M_0,M_0,M_0,M_3,M_3,M_3,M_3,M_3
40,410,10,0,197,0,113,M_1,M_2,M_1,M_1,M_2,M_1,M_2,M_1,M_1,M_1,M_0,M_2,M_0,M_1,M_2,M_3,M_2,M_0,M_3,M_3,M_2,M_2,M_0,M_0,M_0,M_0,M_0,M_3,M_3,M_3,M_3,M_3
41,410,0,0,197,0,113,M_1,M_2,M_1,M_1,M_2,M_1,M_2,M_1,M_1,M_1,M_0,M_2,M_0,M_1,M_2,M_3,M_2,M_0,M_3,M_3,M_2,M_2,M_0,M_0,M_0,M_0,M_0,M_3,M_3,M_3,M_3,M_3
41,411,1,0,197,0,113,M_1,M_2,M_1,M_1,M_2,M_1,M_2,M_1,M_1,M_1,M_0,M_2,M_0,M_1,M_2,M_3,M_2,M_0,M_3,M_3,M_2,M_2,M_0,M_0,M_0,M_0,M_0,M_3,M_3,M_3,M_3,M_3
41,412,2,2,199,1,114,M_1,M_2,M_1,M_1,M_2,M_1,M_2,M_1,M_1,M_1,M_2,M_2,M_0,M_1,M_2,M_3,M_2,M_0,M_3,M_3,M_0,M_2,M_0,M_0,M_0,M_0,M_0,M_3,M_3,M_3,M_3,M_3
41,413,3,0,199,0,114,M_1,M_2,M_1,M_1,M_2,M_1,M_2,M_1,M_1,M_1,M_2,M_2,M_0,M_1,M_2,M_3,M_2,M_0,M_3,M_3,M_0,M_2,M_0,M_0,M_0,M_0,M_0,M_3,M_3,M_3,M_3,M_3
41,414,4,0,199,0,114,M_1,M_2,M_1,M_1,M_2,M_1,M_2,M_1,M_1,M_1,M_2,M_2,M_0,M_1,M_2,M_3,M_2,M_0,M_3,M_3,M_0,M_2,M_0,M_0,M_0,M_0,M_0,M_3,M_3,M_3,M_3,M_3
41,415,5,0,199,0,114,M_1,M_2,M_1,M_1,M_2,M_1,M_2,M_1,M_1,M_1,M_2,M_2,M_0,M_1,M_2,M_3,M_2,M_0,M_3,M_3,M_0,M_2,M_0,M_0,M_0,M_0,M_0,M_3,M_3,M_3,M_3,M_3
41,416,6,0,199,0,114,M_1,M_2,M_1,M_1,M_2,M_1,M_2,M_1,M_1,M_1,M_2,M_2,M_0,M_1,M_2,M_3,M_2,M_0,M_3,M_3,M_0,M_2,M_0,M_0,M_0,M_0,M_0,M_3,M_3,M_3,M_3,M_3
41,417,7,2,201,1,115,M_1,M_2,M_1,M_1,M_2,M_1,M_2,M_1,M_1,M_1,M_2,M_2,M_0,M_1,M_2,M_0,M_2,M_0,M_3,M_3,M_3,M_2,M_0,M_0,M_0,M_0,M_0,M_3,M_3,M_3,M_3,M_3
41,418,8,0,201,0,115,M_1,M_2,M_1,M_1,M_2,M_1,M_2,M_1,M_1,M_1,M_2,M_2,M_0,M_1,M_2,M_0,M_2,M_0,M_3,M_3,M_3,M_2,M_0,M_0,M_0,M_0,M_0,M_3,M_3,M_3,M_3,M_3
41,419,9,0,201,0,115,M_1,M_2,M_1,M_1,M_2,M_1,M_2,M_1,M_1,M_1,M_2,M_2,M_0,M_1,M_2,M_0,M_2,M_0,M_3,M_3,M_3,M_2,M_0,M_0,M_0,M_0,M_0,M_3,M_3,M_3,M_3,M_3
41,420,10,0,201,0,115,M_1,M_2,M_1,M_1,M_2,M_1,M_2,M_1,M_1,M_1,M_2,M_2,M_0,M_1,M_2,M_0,M_2,M_0,M_3,M_3,M_3,M_2,M_0,M_0,M_0,M_0,M_0,M_3,M_3,M_3,M_3,M_3
42,420,0,0,201,0,115,M_1,M_2,M_1,M_1,M_2,M_1,M_2,M_1,M_1,M_1,M_2,M_2,M_0,M_1,M_2,M_0,M_2,M_0,M_3,M_3,M_3,M_2,M_0,M_0,M_0,M_0,M_0,M_3,M_3,M_3,M_3,M_3
42,421,1,2,203,1,116,M_1,M_2,M_1,M_1,M_2,M_1,M_2,M_1,M_1,M_1,M_2,M_2,M_0,M_1,M_2,M_2,M_2,M_0,M_3,M_3,M_3,M_0,M_0,M_0,M_0,M_0,M_0,M_3,M_3,M_3,M_3,M_3
42,422,2,0,203,0,116,M_1,M_2,M_1,M_1,M_2,M_1,M_2,M_1,M_1,M_1,M_2,M_2,M_0,M_1,M_2,M_2,M_2,M_0,M_3,M_3,M_3,M_0,M_0,M_0,M_0,M_0,M_0,M_3,M_3,M_3,M_3,M_3
42,423,3,0,203,0,116,M_1,M_2,M_1,M_1,M_2,M_1,M_2,M_1,M_1,M_1,M_2,M_2,M_0,M_1,M_2,M_2,M_2,M_0,M_3,M_3,M_3,M_0,M_0,M_0,M_0,M_0,M_0,M_3,M_3,M_3,M_3,M_3
42,424,4,0,203,0,116,M_1,M_2,M_1,M_1,M_2,M_1,M_2,M_1,M_1,M_1,M_2,M_2,M_0,M_1,M_2,M_2,M_2,M_0,M_3,M_3,M_3,M_0,M_0,M_0,M_0,M_0,M_0,M_3,M_3,M_3,M_3,M_3
42,425,5,0,203,0,116,M_1,M_2,M_1,M_1,M_2,M_1,M_2,M_1,M_1,M_1,M_2,M_2,M_0,M_1,M_2,M_2,M_2,M_0,M_3,M_3,M_3,M_0,M_0,M_0,M_0,M_0,M_0,M_3,M_3,M_3,M_3,M_3
42,426,6,2,205,1,117,M_1,M_2,M_1,M_1,M_2,M_1,M_2,M_1,M_1,M_1,M_2,M_2,M_0,M_1,M_2,M_2,M_2,M_0,M_3,M_0,M_3,M_3,M_0,M_0,M_0,M_0,M_0,M_3,M_3,M_3,M_3,M_3
42,427,7,0,205,0,117,M_1,M_2,M_1,M_1,M_2,M_1,M_2,M_1,M_1,M_1,M_2,M_2,M_0,M_1,M_2,M_2,M_2,M_0,M_3,M_0,M_3,M_3,M_0,M_0,M_0,M_0,M_0,M_3,M_3,M_3,M_3,M_3
42,428,8,0,205,0,117,M_1,M_2,M_1,M_1,M_2,M_1,M_2,M_1,M_1,M_1,M_2,M_2,M_0,M_1,M_2,M_2,M_2,M_0,M_3,M_0,M_3,M_3,M_0,M_0,M_0,M_0,M_0,M_3,M_3,M_3,M_3,M_3
42,429,9,0,205,0,117,M_1,M_2,M_1,M_1,M_2,M_1,M_2,M_1,M_1,M_1,M_2,M_2,M_0,M_1,M_2,M_2,M_2,M_0,M_3,M_0,M_3,M_3,M_0,M_0,M_0,M_0,M_0,M_3,M_3,M_3,M_3,M_3
42,430,10,0,205,0,117,M_1,M_2,M_1,M_1,M_2,M_1,M_2,M_1,M_1,M_1,M_2,M_2,M_0,M_1,M_2,M_2,M_2,M_0,M_3,M_0,M_3,M_3,M_0,M_0,M_0,M_0,M_0,M_3,M_3,M_3,M_3,M_3
43,430,0,0,205,0,117,M_1,M_2,M_1,M_1,M_2,M_1,M_2,M_1,M_1,M_1,M_2,M_2,M_0,M_1,M_2,M_2,M_2,M_0,M_3,M_0,M_3,M_3,M_0,M_0,M_0,M_0,M_0,M_3,M_3,M_3,M_3,M_3
43,431,1,0,205,0,117,M_1,M_2,M_1,M_1,M_2,M_1,M_2,M_1,M_1,M_1,M_2,M_2,M_0,M_1,M_2,M_2,M_2,M_0,M_3,M_0,M_3,M_3,M_0,M_0,M_0,M_0,M_0,M_3,M_3,M_3,M_3,M_3
43,432,2,0,205,0,117,M_1,M_2,M_1,M_1,M_2,M_1,M_2,M_1,M_1,M_1,M_2,M_2,M_0,M_1,M_2,M_2,M_2,M_0,M_3,M_0,M_3,M_3,M_0,M_0,M_0,M_0,M_0,M_3,M_3,M_3,M_3,M_3
43,433,3,0,205,0,117,M_1,M_2,M_1,M_1,M_2,M_1,M_2,M_1,M_1,M_1,M_2,M_2,M_0,M_1,M_2,M_2,M_2,M_0,M_3,M_0,M_3,M_3,M_0,M_0,M_0,M_0,M_0,M_3,M_3,M_3,M_3,M_3
43,434,4,2,207,1,118,M_1,M_2,M_1,M_1,M_2,M_1,M_2,M_1,M_1,M_1,M_2,M_2,M_0,M_1,M_2,M_2,M_2,M_0,M_3,M_0,M_0,M_3,M_3,M_0,M_0,M_0,M_0,M_3,M_3,M_3,M_3,M_3
43,435,5,0,207,0,118,M_1,M_2,M_1,M_1,M_2,M_1,M_2,M_1,M_1,M_1,M_2,M_2,M_0,M_1,M_2,M_2,M_2,M_0,M_3,M_0,M_0,M_3,M_3,M_0,M_0,M_0,M_0,M_3,M_3,M_3,M_3,M_3
43,436,6,0,207,0,118,M_1,M_2,M_1,M_1,M_2,M_1,M_2,M_1,M_1,M_1,M_2,M_2,M_0,M_1,M_2,M_2,M_2,M_0,M_3,M_0,M_0,M_3,M_3,M_0,M_0,M_0,M_0,M_3,M_3,M_3,M_3,M_3
43,437,7,0,207,0,118,M_1,M_2,M_1,M_1,M_2,M_1,M_2,M_1,M_1,M_1,M_2,M_2,M_0,M_1,M_2,M_2,M_2,M_0,M_3,M_0,M_0,M_3,M_3,M_0,M_0,M_0,M_0,M_3,M_3,M_3,M_3,M_3
43,438,8,0,207,0,118,M_1,M_2,M_1,M_1,M_2,M_1,M_2,M_1,M_1,M_1,M_2,M_2,M_0,M_1,M_2,M_2,M_2,M_0,M_3,M_0,M_0,M_3,M_3,M_0,M_0,M_0,M_0,M_3,M_3,M_3,M_3,M_3
43,439,9,0,207,0,118,M_1,M_2,M_1,M_1,M_2,M_1,M_2,M_1,M_1,M_1,M_2,M_2,M_0,M_1,M_2,M_2,M_2,M_0,M_3,M_0,M_0,M_3,M_3,M_0,M_0,M_0,M_0,M_3,M_3,M_3,M_3,M_3
43,440,10,0,207,0,118,M_1,M_2,M_1,M_1,M_2,M_1,M_2,M_1,M_1,M_1,M_2,M_2,M_0,M_1,M_2,M_2,M_2,M_0,M_3,M_0,M_0,M_3,M_3,M_0,M_0,M_0,M_0,M_3,M_3,M_3,M_3,M_3
44,440,0,0,207,0,118,M_1,M_2,M_1,M_1,M_2,M_1,M_2,M_1,M_1,M_1,M_2,M_2,M_0,M_1,M_2,M_2,M_2,M_0,M_3,M_0,M_0,M_3,M_3,M_0,M_0,M_0,M_0,M_3,M_3,M_3,M_3,M_3
44,441,1,2,209,1,119,M_1,M_2,M_1,M_1,M_2,M_1,M_2,M_1,M_1,M_1,M_2,M_2,M_0,M_1,M_2,M_2,M_2,M_0,M_0,M_0,M_0,M_3,M_3,M_3,M_0,M_0,M_0,M_3,M_3,M_3,M_3,M_3
44,442,2,0,209,0,119,M_1,M_2,M_1,M_1,M_2,M_1,M_2,M_1,M_1,M_1,M_2,M_2,M_0,M_1,M_2,M_2,M_2,M_0,M_0,M_0,M_0,M_3,M_3,M_3,M_0,M_0,M_0,M_3,M_3,M_3,M_3,M_3
44,443,3,0,209,0,119,M_1,M_2,M_1,M_1,M_2,M_1,M_2,M_1,M_1,M_1,M_2,M_2,M_0,M_1,M_2,M_2,M_2,M_0,M_0,M_0,M_0,M_3,M_3,M_3,M_0,M_0,M_0,M_3,M_3,M_3,M_3,M_3
44,444,4,0,209,0,119,M_1,M_2,M_1,M_1,M_2,M_1,M_2,M_1,M_1,M_1,M_2,M_2,M_0,M_1,M_2,M_2,M_2,M_0,M_0,M_0,M_0,M_3,M_3,M_3,M_0,M_0,M_0,M_3,M_3,M_3,M_3,M_3
44,445,5,0,209,0,119,M_1,M_2,M_1,M_1,M_2,M_1,M_2,M_1,M_1,M_1,M_2,M_2,M_0,M_1,M_2,M_2,M_2,M_0,M_0,M_0,M_0,M_3,M_3,M_3,M_0,M_0,M_0,M_3,M_3,M_3,M_3,M_3
44,446,6,0,209,0,119,M_1,M_2,M_1,M_1,M_2,M_1,M_2,M_1,M_1,M_1,M_2,M_2,M_0,M_1,M_2,M_2,M_2,M_0,M_0,M_0,M_0,M_3,M_3,M_3,M_0,M_0,M_0,M_3,M_3,M_3,M_3,M_3
44,447,7,2,211,1,120,M_1,M_2,M_1,M_1,M_2,M_1,M_2,M_1,M_1,M_1,M_2,M_2,M_0,M_1,M_2,M_2,M_2,M_0,M_0,M_0,M_0,M_3,M_3,M_3,M_3,M_0,M_0,M_3,M_3,M_3,M_0,M_3
44,448,8,0,211,0,120,M_1,M_2,M_1,M_1,M_2,M_1,M_2,M_1,M_1,M_1,M_2,M_2,M_0,M_1,M_2,M_2,M_2,M_0,M_0,M_0,M_0,M_3,M_3,M_3,M_3,M_0,M_0,M_3,M_3,M_3,M_0,M_3
44,449,9,0,211,0,120,M_1,M_2,M_1,M_1,M_2,M_1,M_2,M_1,M_1,M_1,M_2,M_2,M_0,M_1,M_2,M_2,M_2,M_0,M_0,M_0,M_0,M_3,M_3,M_3,M_3,M_0,M_0,M_3,M_3,M_3,M_0,M_3
45,449,0,0,211,0,120,M_1,M_2,M_1,M_1,M_2,M_1,M_2,M_1,M_1,M_1,M_2,M_2,M_0,M_1,M_2,M_2,M_2,M_0,M_0,M_0,M_0,M_3,M_3,M_3,M_3,M_0,M_0,M_3,M_3,M_3,M_0,M_3
45,450,1,4,215,2,122,M_1,M_2,M_1,M_1,M_2,M_1,M_2,M_1,M_1,M_1,M_2,M_2,M_0,M_1,M_2,M_2,M_2,M_0,M_0,M_0,M_0,M_3,M_0,M_0,M_3,M_3,M_0,M_3,M_3,M_3,M_3,M_3
45,451,2,2,217,1,123,M_1,M_2,M_1,M_1,M_2,M_1,M_2,M_1,M_1,M_1,M_2,M_2,M_0,M_1,M_2,M_2,M_2,M_0,M_0,M_0,M_0,M_0,M_0,M_0,M_3,M_3,M_3,M_3,M_3,M_3,M_3,M_3
45,452,3,0,217,0,123,M_1,M_2,M_1,M_1,M_2,M_1,M_2,M_1,M_1,M_1,M_2,M_2,M_0,M_1,M_2,M_2,M_2,M_0,M_0,M_0,M_0,M_0,M_0,M_0,M_3,M_3,M_3,M_3,M_3,M_3,M_3,M_3
45,453,4,0,217,0,123,M_1,M_2,M_1,M_1,M_2,M_1,M_2,M_1,M_1,M_1,M_2,M_2,M_0,M_1,M_2,M_2,M_2,M_0,M_0,M_0,M_0,M_0,M_0,M_0,M_3,M_3,M_3,M_3,M_3,M_3,M_3,M_3
45,454,5,0,217,0,123,M_1,M_2,M_1,M_1,M_2,M_1,M_2,M_1,M_1,M_1,M_2,M_2,M_0,M_1,M_2,M_2,M_2,M_0,M_0,M_0,M_0,M_0,M_0,M_0,M_3,M_3,M_3,M_3,M_3,M_3,M_3,M_3
45,455,6,0,217,0,123,M_1,M_2,M_1,M_1,M_2,M_1,M_2,M_1,M_1,M_1,M_2,M_2,M_0,M_1,M_2,M_2,M_2,M_0,M_0,M_0,M_0,M_0,M_0,M_0,M_3,M_3,M_3,M_3,M_3,M_3,M_3,M_3
45,456,7,0,217,0,123,M_1,M_2,M_1,M_1,M_2,M_1,M_2,M_1,M_1,M_1,M_2,M_2,M_0,M_1,M_2,M_2,M_2,M_0,M_0,M_0,M_0,M_0,M_0,M_0,M_3,M_3,M_3,M_3,M_3,M_3,M_3,M_3
45,457,8,0,217,0,123,M_1,M_2,M_1,M_1,M_2,M_1,M_2,M_1,M_1,M_1,M_2,M_2,M_0,M_1,M_2,M_2,M_2,M_0,M_0,M_0,M_0,M_0,M_0,M_0,M_3,M_3,M_3,M_3,M_3,M_3,M_3,M_3
45,458,9,0,217,0,123,M_1,M_2,M_1,M_1,M_2,M_1,M_2,M_1,M_1,M_1,M_2,M_2,M_0,M_1,M_2,M_2,M_2,M_0,M_0,M_0,M_0,M_0,M_0,M_0,M_3,M_3,M_3,M_3,M_3,M_3,M_3,M_3
46,458,0,0,217,0,123,M_1,M_2,M_1,M_1,M_2,M_1,M_2,M_1,M_1,M_1,M_2,M_2,M_0,M_1,M_2,M_2,M_2,M_0,M_0,M_0,M_0,M_0,M_0,M_0,M_3,M_3,M_3,M_3,M_3,M_3,M_3,M_3
46,459,1,0,217,0,123,M_1,M_2,M_1,M_1,M_2,M_1,M_2,M_1,M_1,M_1,M_2,M_2,M_0,M_1,M_2,M_2,M_2,M_0,M_0,M_0,M_0,M_0,M_0,M_0,M_3,M_3,M_3,M_3,M_3,M_3,M_3,M_3
46,460,2,0,217,0,123,M_1,M_2,M_1,M_1,M_2,M_1,M_2,M_1,M_1,M_1,M_2,M_2,M_0,M_1,M_2,M_2,M_2,M_0,M_0,M_0,M_0,M_0,M_0,M_0,M_3,M_3,M_3,M_3,M_3,M_3,M_3,M_3
46,461,3,0,217,0,123,M_1,M_2,M_1,M_1,M_2,M_1,M_2,M_1,M_1,M_1,M_2,M_2,M_0,M_1,M_2,M_2,M_2,M_0,M_0,M_0,M_0,M_0,M_0,M_0,M_3,M_3,M_3,M_3,M_3,M_3,M_3,M_3
46,462,4,0,217,0,123,M_1,M_2,M_1,M_1,M_2,M_1,M_2,M_1,M_1,M_1,M_2,M_2,M_0,M_1,M_2,M_2,M_2,M_0,M_0,M_0,M_0,M_0,M_0,M_0,M_3,M_3,M_3,M_3,M_3,M_3,M_3,M_3
46,463,5,0,217,0,123,M_1,M_2,M_1,M_1,M_2,M_1,M_2,M_1,M_1,M_1,M_2,M_2,M_0,M_1,M_2,M_2,M_2,M_0,M_0,M_0,M_0,M_0,M_0,M_0,M_3,M_3,M_3,M_3,M_3,M_3,M_3,M_3
46,464,6,0,217,0,123,M_1,M_2,M_1,M_1,M_2,M_1,M_2,M_1,M_1,M_1,M_2,M_2,M_0,M_1,M_2,M_2,M_2,M_0,M_0,M_0,M_0,M_0,M_0,M_0,M_3,M_3,M_3,M_3,M_3,M_3,M_3,M_3
46,465,7,0,217,0,123,M_1,M_2,M_1,M_1,M_2,M_1,M_2,M_1,M_1,M_1,M_2,M_2,M_0,M_1,M_2,M_2,M_2,M_0,M_0,M_0,M_0,M_0,M_0,M_0,M_3,M_3,M_3,M_3,M_3,M_3,M_3,M_3
46,466,8,0,217,0,123,M_1,M_2,M_1,M_1,M_2,M_1,M_2,M_1,M_1,M_1,M_2,M_2,M_0,M_1,M_2,M_2,M_2,M_0,M_0,M_0,M_0,M_0,M_0,M_0,M_3,M_3,M_3,M_3,M_3,M_3,M_3,M_3
46,467,9,0,217,0,123,M_1,M_2,M_1,M_1,M_2,M_1,M_2,M_1,M_1,M_1,M_2,M_2,M_0,M_1,M_2,M_2,M_2,M_0,M_0,M_0,M_0,M_0,M_0,M_0,M_3,M_3,M_3,M_3,M_3,M_3,M_3,M_3
